{
"meta":{"test_sets":[],"test_metrics":[],"learn_metrics":[{"best_value":"Min","name":"RMSE"}],"launch_mode":"Train","parameters":"","iteration_count":1000,"learn_sets":["learn"],"name":"experiment"},
"iterations":[
{"learn":[75292.55061],"iteration":0,"passed_time":0.003173113218,"remaining_time":3.169940105},
{"learn":[73518.99841],"iteration":1,"passed_time":0.005070448044,"remaining_time":2.530153574},
{"learn":[71639.91803],"iteration":2,"passed_time":0.007122249846,"remaining_time":2.366961032},
{"learn":[69948.65912],"iteration":3,"passed_time":0.008768807835,"remaining_time":2.183433151},
{"learn":[68278.27167],"iteration":4,"passed_time":0.01103220851,"remaining_time":2.195409493},
{"learn":[66555.76068],"iteration":5,"passed_time":0.01297539608,"remaining_time":2.149590617},
{"learn":[64896.16836],"iteration":6,"passed_time":0.01486919776,"remaining_time":2.109301911},
{"learn":[63288.94983],"iteration":7,"passed_time":0.01699590308,"remaining_time":2.107491982},
{"learn":[61924.00393],"iteration":8,"passed_time":0.01881504605,"remaining_time":2.071745626},
{"learn":[60471.657],"iteration":9,"passed_time":0.02057396843,"remaining_time":2.036822875},
{"learn":[59053.18469],"iteration":10,"passed_time":0.0222083106,"remaining_time":1.996729017},
{"learn":[57790.93457],"iteration":11,"passed_time":0.02392311209,"remaining_time":1.969669562},
{"learn":[56470.23107],"iteration":12,"passed_time":0.02620464204,"remaining_time":1.989537054},
{"learn":[55245.628],"iteration":13,"passed_time":0.0279037944,"remaining_time":1.965224377},
{"learn":[54015.74294],"iteration":14,"passed_time":0.034606555,"remaining_time":2.272497112},
{"learn":[52866.4064],"iteration":15,"passed_time":0.03656537001,"remaining_time":2.248770256},
{"learn":[51837.59494],"iteration":16,"passed_time":0.03806834172,"remaining_time":2.201245877},
{"learn":[50675.50466],"iteration":17,"passed_time":0.03983941743,"remaining_time":2.173461551},
{"learn":[49840.91422],"iteration":18,"passed_time":0.04157980861,"remaining_time":2.146831171},
{"learn":[48804.44867],"iteration":19,"passed_time":0.04337378378,"remaining_time":2.125315405},
{"learn":[47861.05479],"iteration":20,"passed_time":0.04553873039,"remaining_time":2.122972241},
{"learn":[46843.0205],"iteration":21,"passed_time":0.04716172222,"remaining_time":2.096552924},
{"learn":[45882.29681],"iteration":22,"passed_time":0.04883657488,"remaining_time":2.074492768},
{"learn":[45066.98827],"iteration":23,"passed_time":0.05050478488,"remaining_time":2.053861252},
{"learn":[44386.26386],"iteration":24,"passed_time":0.05218206733,"remaining_time":2.035100626},
{"learn":[43640.59479],"iteration":25,"passed_time":0.05435798493,"remaining_time":2.036333743},
{"learn":[42935.98094],"iteration":26,"passed_time":0.05678487381,"remaining_time":2.046358601},
{"learn":[42174.31155],"iteration":27,"passed_time":0.05954540782,"remaining_time":2.0670763},
{"learn":[41511.16101],"iteration":28,"passed_time":0.06185189201,"remaining_time":2.070971971},
{"learn":[40892.81891],"iteration":29,"passed_time":0.06421317987,"remaining_time":2.076226149},
{"learn":[40288.38758],"iteration":30,"passed_time":0.06653158387,"remaining_time":2.079648541},
{"learn":[39714.38002],"iteration":31,"passed_time":0.0688339533,"remaining_time":2.082227087},
{"learn":[39108.44055],"iteration":32,"passed_time":0.07058726693,"remaining_time":2.068420822},
{"learn":[38623.38832],"iteration":33,"passed_time":0.07214045616,"remaining_time":2.049637666},
{"learn":[38088.93528],"iteration":34,"passed_time":0.07380582315,"remaining_time":2.034931981},
{"learn":[37497.78176],"iteration":35,"passed_time":0.07543165973,"remaining_time":2.019892222},
{"learn":[37008.14973],"iteration":36,"passed_time":0.07748070794,"remaining_time":2.01659248},
{"learn":[36503.829],"iteration":37,"passed_time":0.07908742908,"remaining_time":2.002160704},
{"learn":[35968.39401],"iteration":38,"passed_time":0.08052031605,"remaining_time":1.984103172},
{"learn":[35543.71117],"iteration":39,"passed_time":0.08179882373,"remaining_time":1.96317177},
{"learn":[35085.0907],"iteration":40,"passed_time":0.08317999399,"remaining_time":1.945600347},
{"learn":[34612.10526],"iteration":41,"passed_time":0.0846307967,"remaining_time":1.930388172},
{"learn":[34133.73001],"iteration":42,"passed_time":0.08596076241,"remaining_time":1.913126736},
{"learn":[33702.84307],"iteration":43,"passed_time":0.08746390947,"remaining_time":1.900352215},
{"learn":[33298.74121],"iteration":44,"passed_time":0.08876909022,"remaining_time":1.883877359},
{"learn":[32964.28237],"iteration":45,"passed_time":0.09132830881,"remaining_time":1.894069709},
{"learn":[32540.51801],"iteration":46,"passed_time":0.09299287194,"remaining_time":1.885578871},
{"learn":[32239.9217],"iteration":47,"passed_time":0.09452393258,"remaining_time":1.874724663},
{"learn":[31924.14224],"iteration":48,"passed_time":0.09623755433,"remaining_time":1.867794167},
{"learn":[31569.64901],"iteration":49,"passed_time":0.09761509595,"remaining_time":1.854686823},
{"learn":[31201.46836],"iteration":50,"passed_time":0.09904589777,"remaining_time":1.843030529},
{"learn":[30866.40101],"iteration":51,"passed_time":0.1004536091,"remaining_time":1.831346567},
{"learn":[30521.76881],"iteration":52,"passed_time":0.1023525638,"remaining_time":1.828827886},
{"learn":[30220.90962],"iteration":53,"passed_time":0.1038296663,"remaining_time":1.818941932},
{"learn":[29864.70963],"iteration":54,"passed_time":0.1053770081,"remaining_time":1.810568593},
{"learn":[29545.18689],"iteration":55,"passed_time":0.1069268334,"remaining_time":1.802480907},
{"learn":[29266.28328],"iteration":56,"passed_time":0.1084085186,"remaining_time":1.793495317},
{"learn":[28984.48001],"iteration":57,"passed_time":0.1099793362,"remaining_time":1.786216116},
{"learn":[28685.20976],"iteration":58,"passed_time":0.1114180594,"remaining_time":1.777023626},
{"learn":[28435.69891],"iteration":59,"passed_time":0.1129753356,"remaining_time":1.769946925},
{"learn":[28199.21297],"iteration":60,"passed_time":0.1145519313,"remaining_time":1.763348582},
{"learn":[27980.09011],"iteration":61,"passed_time":0.1159308428,"remaining_time":1.75392146},
{"learn":[27714.12641],"iteration":62,"passed_time":0.1174735775,"remaining_time":1.747186383},
{"learn":[27511.59662],"iteration":63,"passed_time":0.1190796016,"remaining_time":1.741539173},
{"learn":[27300.42373],"iteration":64,"passed_time":0.1205844692,"remaining_time":1.734561211},
{"learn":[27072.71421],"iteration":65,"passed_time":0.1220607331,"remaining_time":1.727344314},
{"learn":[26889.06827],"iteration":66,"passed_time":0.1234929317,"remaining_time":1.719685154},
{"learn":[26681.33124],"iteration":67,"passed_time":0.1251081107,"remaining_time":1.714717047},
{"learn":[26495.23473],"iteration":68,"passed_time":0.1264678529,"remaining_time":1.706399581},
{"learn":[26316.5093],"iteration":69,"passed_time":0.1278708774,"remaining_time":1.698855943},
{"learn":[26165.8147],"iteration":70,"passed_time":0.1293271214,"remaining_time":1.69218163},
{"learn":[25989.21939],"iteration":71,"passed_time":0.1306399379,"remaining_time":1.683803644},
{"learn":[25803.14101],"iteration":72,"passed_time":0.1321212472,"remaining_time":1.677758851},
{"learn":[25613.97422],"iteration":73,"passed_time":0.1335535343,"remaining_time":1.671223956},
{"learn":[25454.80727],"iteration":74,"passed_time":0.1349630765,"remaining_time":1.66454461},
{"learn":[25280.78057],"iteration":75,"passed_time":0.1363336681,"remaining_time":1.657530386},
{"learn":[25145.97272],"iteration":76,"passed_time":0.1380440927,"remaining_time":1.654736332},
{"learn":[24920.42273],"iteration":77,"passed_time":0.1395483379,"remaining_time":1.649532917},
{"learn":[24763.69419],"iteration":78,"passed_time":0.1412641281,"remaining_time":1.646889393},
{"learn":[24603.58199],"iteration":79,"passed_time":0.1426508021,"remaining_time":1.640484224},
{"learn":[24454.24726],"iteration":80,"passed_time":0.1441473699,"remaining_time":1.635449789},
{"learn":[24297.51418],"iteration":81,"passed_time":0.1456561544,"remaining_time":1.630638411},
{"learn":[24182.76637],"iteration":82,"passed_time":0.1472253478,"remaining_time":1.626574023},
{"learn":[24058.21352],"iteration":83,"passed_time":0.1487600032,"remaining_time":1.622192416},
{"learn":[23917.72757],"iteration":84,"passed_time":0.1499759899,"remaining_time":1.61444742},
{"learn":[23811.91087],"iteration":85,"passed_time":0.1515951716,"remaining_time":1.611139382},
{"learn":[23676.87939],"iteration":86,"passed_time":0.1530648832,"remaining_time":1.60630159},
{"learn":[23563.94993],"iteration":87,"passed_time":0.1544227442,"remaining_time":1.600381167},
{"learn":[23405.93217],"iteration":88,"passed_time":0.1558653669,"remaining_time":1.59543089},
{"learn":[23284.44361],"iteration":89,"passed_time":0.1573848602,"remaining_time":1.591335808},
{"learn":[23158.16571],"iteration":90,"passed_time":0.1589675142,"remaining_time":1.587928247},
{"learn":[23035.71009],"iteration":91,"passed_time":0.160452815,"remaining_time":1.583599522},
{"learn":[22924.70488],"iteration":92,"passed_time":0.1620220571,"remaining_time":1.5801506},
{"learn":[22810.22529],"iteration":93,"passed_time":0.1635554407,"remaining_time":1.576396056},
{"learn":[22703.93116],"iteration":94,"passed_time":0.1648234766,"remaining_time":1.570160487},
{"learn":[22581.56001],"iteration":95,"passed_time":0.1664630134,"remaining_time":1.56752671},
{"learn":[22519.48953],"iteration":96,"passed_time":0.1680889811,"remaining_time":1.564787113},
{"learn":[22394.52706],"iteration":97,"passed_time":0.1695278397,"remaining_time":1.560348075},
{"learn":[22301.07772],"iteration":98,"passed_time":0.170703966,"remaining_time":1.553578519},
{"learn":[22200.17889],"iteration":99,"passed_time":0.1722559096,"remaining_time":1.550303186},
{"learn":[22103.77123],"iteration":100,"passed_time":0.173715724,"remaining_time":1.546241939},
{"learn":[22026.73078],"iteration":101,"passed_time":0.175004009,"remaining_time":1.540721569},
{"learn":[21946.46548],"iteration":102,"passed_time":0.1765182277,"remaining_time":1.537250973},
{"learn":[21852.45483],"iteration":103,"passed_time":0.1783974324,"remaining_time":1.536962495},
{"learn":[21730.06332],"iteration":104,"passed_time":0.1798819371,"remaining_time":1.533279369},
{"learn":[21625.18379],"iteration":105,"passed_time":0.1813749058,"remaining_time":1.529709111},
{"learn":[21538.35545],"iteration":106,"passed_time":0.1830714226,"remaining_time":1.527876452},
{"learn":[21441.14369],"iteration":107,"passed_time":0.1843676247,"remaining_time":1.522740011},
{"learn":[21330.45679],"iteration":108,"passed_time":0.1859742477,"remaining_time":1.520211511},
{"learn":[21268.18841],"iteration":109,"passed_time":0.1875418725,"remaining_time":1.517384241},
{"learn":[21150.99816],"iteration":110,"passed_time":0.1889074448,"remaining_time":1.512961427},
{"learn":[21084.26796],"iteration":111,"passed_time":0.1904112195,"remaining_time":1.509688955},
{"learn":[21001.62671],"iteration":112,"passed_time":0.191880484,"remaining_time":1.506176896},
{"learn":[20918.65951],"iteration":113,"passed_time":0.1932765777,"remaining_time":1.502131998},
{"learn":[20856.91355],"iteration":114,"passed_time":0.1946129456,"remaining_time":1.497673538},
{"learn":[20772.16577],"iteration":115,"passed_time":0.1966686833,"remaining_time":1.498751},
{"learn":[20712.80878],"iteration":116,"passed_time":0.1987366291,"remaining_time":1.499867038},
{"learn":[20630.1927],"iteration":117,"passed_time":0.2004064763,"remaining_time":1.497953492},
{"learn":[20585.0809],"iteration":118,"passed_time":0.2023000861,"remaining_time":1.497700638},
{"learn":[20508.65401],"iteration":119,"passed_time":0.2043748212,"remaining_time":1.498748689},
{"learn":[20435.79356],"iteration":120,"passed_time":0.2065364326,"remaining_time":1.500376234},
{"learn":[20360.92634],"iteration":121,"passed_time":0.2083060951,"remaining_time":1.499120914},
{"learn":[20283.08733],"iteration":122,"passed_time":0.2098472812,"remaining_time":1.496228176},
{"learn":[20218.40472],"iteration":123,"passed_time":0.2116182692,"remaining_time":1.494980676},
{"learn":[20165.70989],"iteration":124,"passed_time":0.2135819481,"remaining_time":1.495073637},
{"learn":[20121.41974],"iteration":125,"passed_time":0.2153614044,"remaining_time":1.493856091},
{"learn":[20043.4765],"iteration":126,"passed_time":0.2169013596,"remaining_time":1.490983361},
{"learn":[19976.12593],"iteration":127,"passed_time":0.2185712901,"remaining_time":1.489016914},
{"learn":[19904.23284],"iteration":128,"passed_time":0.2203714088,"remaining_time":1.487934086},
{"learn":[19839.20505],"iteration":129,"passed_time":0.2219942626,"remaining_time":1.485653911},
{"learn":[19813.95561],"iteration":130,"passed_time":0.2235359348,"remaining_time":1.482845247},
{"learn":[19760.8447],"iteration":131,"passed_time":0.2251090295,"remaining_time":1.480262406},
{"learn":[19680.13254],"iteration":132,"passed_time":0.2271584761,"remaining_time":1.480799991},
{"learn":[19593.52079],"iteration":133,"passed_time":0.2294500031,"remaining_time":1.482863453},
{"learn":[19546.40231],"iteration":134,"passed_time":0.2318543258,"remaining_time":1.485585125},
{"learn":[19493.48435],"iteration":135,"passed_time":0.2342525442,"remaining_time":1.488192633},
{"learn":[19457.10068],"iteration":136,"passed_time":0.2360891193,"remaining_time":1.487189124},
{"learn":[19376.30928],"iteration":137,"passed_time":0.2378012158,"remaining_time":1.485396},
{"learn":[19305.29685],"iteration":138,"passed_time":0.2396547397,"remaining_time":1.484480078},
{"learn":[19235.36567],"iteration":139,"passed_time":0.242489389,"remaining_time":1.489577675},
{"learn":[19178.34521],"iteration":140,"passed_time":0.2443679947,"remaining_time":1.48873835},
{"learn":[19123.94249],"iteration":141,"passed_time":0.2462320572,"remaining_time":1.487796514},
{"learn":[19073.4179],"iteration":142,"passed_time":0.2486542939,"remaining_time":1.490186922},
{"learn":[19016.44757],"iteration":143,"passed_time":0.250752682,"remaining_time":1.490585388},
{"learn":[19001.79713],"iteration":144,"passed_time":0.2530260319,"remaining_time":1.491981085},
{"learn":[18967.45443],"iteration":145,"passed_time":0.2550304184,"remaining_time":1.491753269},
{"learn":[18920.61589],"iteration":146,"passed_time":0.257004281,"remaining_time":1.491324161},
{"learn":[18894.74403],"iteration":147,"passed_time":0.2590432107,"remaining_time":1.491248753},
{"learn":[18850.21876],"iteration":148,"passed_time":0.2610345271,"remaining_time":1.490875051},
{"learn":[18794.72744],"iteration":149,"passed_time":0.2629360826,"remaining_time":1.489971135},
{"learn":[18718.6276],"iteration":150,"passed_time":0.2649716406,"remaining_time":1.489807436},
{"learn":[18660.57641],"iteration":151,"passed_time":0.2670516911,"remaining_time":1.489867329},
{"learn":[18614.63822],"iteration":152,"passed_time":0.2695700172,"remaining_time":1.49232552},
{"learn":[18581.42967],"iteration":153,"passed_time":0.271506267,"remaining_time":1.491521441},
{"learn":[18529.27808],"iteration":154,"passed_time":0.2736394665,"remaining_time":1.491776447},
{"learn":[18504.50545],"iteration":155,"passed_time":0.2753500135,"remaining_time":1.489714176},
{"learn":[18445.81644],"iteration":156,"passed_time":0.2777338024,"remaining_time":1.491271308},
{"learn":[18407.28283],"iteration":157,"passed_time":0.2796942789,"remaining_time":1.490522676},
{"learn":[18371.98354],"iteration":158,"passed_time":0.2812066703,"remaining_time":1.48738874},
{"learn":[18329.05721],"iteration":159,"passed_time":0.2832471938,"remaining_time":1.487047768},
{"learn":[18266.47594],"iteration":160,"passed_time":0.2854433241,"remaining_time":1.487496577},
{"learn":[18230.40918],"iteration":161,"passed_time":0.2875813642,"remaining_time":1.487612242},
{"learn":[18194.64303],"iteration":162,"passed_time":0.2894001356,"remaining_time":1.486060819},
{"learn":[18179.26333],"iteration":163,"passed_time":0.2915675085,"remaining_time":1.486283153},
{"learn":[18156.80684],"iteration":164,"passed_time":0.2938797412,"remaining_time":1.4872096},
{"learn":[18137.353],"iteration":165,"passed_time":0.2961821046,"remaining_time":1.488047441},
{"learn":[18096.04747],"iteration":166,"passed_time":0.3006371718,"remaining_time":1.499585414},
{"learn":[18052.49267],"iteration":167,"passed_time":0.3028625638,"remaining_time":1.499890792},
{"learn":[18016.22562],"iteration":168,"passed_time":0.3049600717,"remaining_time":1.499537394},
{"learn":[17999.8999],"iteration":169,"passed_time":0.3077909804,"remaining_time":1.502744198},
{"learn":[17951.22583],"iteration":170,"passed_time":0.3097327321,"remaining_time":1.501569795},
{"learn":[17913.74994],"iteration":171,"passed_time":0.3122182087,"remaining_time":1.503003935},
{"learn":[17871.85324],"iteration":172,"passed_time":0.3142398077,"remaining_time":1.502175266},
{"learn":[17827.40031],"iteration":173,"passed_time":0.3163450546,"remaining_time":1.501729972},
{"learn":[17787.88672],"iteration":174,"passed_time":0.3182641769,"remaining_time":1.500388262},
{"learn":[17779.68167],"iteration":175,"passed_time":0.3204475809,"remaining_time":1.500277311},
{"learn":[17770.40673],"iteration":176,"passed_time":0.3218551447,"remaining_time":1.496535503},
{"learn":[17751.59059],"iteration":177,"passed_time":0.3237845808,"remaining_time":1.495229918},
{"learn":[17738.26194],"iteration":178,"passed_time":0.3261457072,"remaining_time":1.49589735},
{"learn":[17694.01768],"iteration":179,"passed_time":0.3286320718,"remaining_time":1.497101661},
{"learn":[17657.34088],"iteration":180,"passed_time":0.3312068554,"remaining_time":1.498665274},
{"learn":[17612.03882],"iteration":181,"passed_time":0.3339996148,"remaining_time":1.501163104},
{"learn":[17565.70191],"iteration":182,"passed_time":0.335857098,"remaining_time":1.49942759},
{"learn":[17510.45338],"iteration":183,"passed_time":0.3380049735,"remaining_time":1.498978578},
{"learn":[17492.91156],"iteration":184,"passed_time":0.3400348421,"remaining_time":1.497991331},
{"learn":[17442.26307],"iteration":185,"passed_time":0.3415276553,"remaining_time":1.494642535},
{"learn":[17390.83891],"iteration":186,"passed_time":0.3432848815,"remaining_time":1.492463148},
{"learn":[17346.60574],"iteration":187,"passed_time":0.3449998132,"remaining_time":1.490105576},
{"learn":[17298.25151],"iteration":188,"passed_time":0.3468910592,"remaining_time":1.48851137},
{"learn":[17242.68145],"iteration":189,"passed_time":0.3486885927,"remaining_time":1.486514527},
{"learn":[17206.30503],"iteration":190,"passed_time":0.3503375787,"remaining_time":1.483890582},
{"learn":[17172.07411],"iteration":191,"passed_time":0.3519123045,"remaining_time":1.480964281},
{"learn":[17130.87189],"iteration":192,"passed_time":0.3533395081,"remaining_time":1.477435145},
{"learn":[17098.2939],"iteration":193,"passed_time":0.3551647615,"remaining_time":1.475581432},
{"learn":[17085.43874],"iteration":194,"passed_time":0.3562633445,"remaining_time":1.470728166},
{"learn":[17073.17126],"iteration":195,"passed_time":0.3570673397,"remaining_time":1.464704801},
{"learn":[17061.46431],"iteration":196,"passed_time":0.3585096107,"remaining_time":1.461336129},
{"learn":[17043.48512],"iteration":197,"passed_time":0.3599976,"remaining_time":1.458172097},
{"learn":[17008.82227],"iteration":198,"passed_time":0.3619286343,"remaining_time":1.456808221},
{"learn":[16984.65448],"iteration":199,"passed_time":0.3638804472,"remaining_time":1.455521789},
{"learn":[16943.11872],"iteration":200,"passed_time":0.3657259507,"remaining_time":1.453806142},
{"learn":[16908.86541],"iteration":201,"passed_time":0.3673689556,"remaining_time":1.45128924},
{"learn":[16895.97545],"iteration":202,"passed_time":0.3682357878,"remaining_time":1.44573361},
{"learn":[16859.19394],"iteration":203,"passed_time":0.3700515096,"remaining_time":1.443926478},
{"learn":[16846.80348],"iteration":204,"passed_time":0.3713432522,"remaining_time":1.440087246},
{"learn":[16800.57262],"iteration":205,"passed_time":0.3732663139,"remaining_time":1.438706084},
{"learn":[16765.99194],"iteration":206,"passed_time":0.3747971219,"remaining_time":1.435816994},
{"learn":[16723.3825],"iteration":207,"passed_time":0.3767484756,"remaining_time":1.434542273},
{"learn":[16695.9088],"iteration":208,"passed_time":0.3786256221,"remaining_time":1.432980225},
{"learn":[16663.48871],"iteration":209,"passed_time":0.3804491194,"remaining_time":1.431213354},
{"learn":[16617.71229],"iteration":210,"passed_time":0.3825827955,"remaining_time":1.430605809},
{"learn":[16601.4887],"iteration":211,"passed_time":0.3837695508,"remaining_time":1.426464179},
{"learn":[16553.81239],"iteration":212,"passed_time":0.3857387587,"remaining_time":1.425241329},
{"learn":[16535.09615],"iteration":213,"passed_time":0.3882307633,"remaining_time":1.425931682},
{"learn":[16486.535],"iteration":214,"passed_time":0.3898903783,"remaining_time":1.423553242},
{"learn":[16471.73077],"iteration":215,"passed_time":0.3905661168,"remaining_time":1.41761035},
{"learn":[16444.64949],"iteration":216,"passed_time":0.392088329,"remaining_time":1.41477033},
{"learn":[16420.66804],"iteration":217,"passed_time":0.3941129655,"remaining_time":1.413744674},
{"learn":[16375.86887],"iteration":218,"passed_time":0.396036219,"remaining_time":1.412348343},
{"learn":[16350.00644],"iteration":219,"passed_time":0.3983611355,"remaining_time":1.412371299},
{"learn":[16336.8198],"iteration":220,"passed_time":0.3991767127,"remaining_time":1.407052757},
{"learn":[16312.74914],"iteration":221,"passed_time":0.401278667,"remaining_time":1.406282896},
{"learn":[16293.78274],"iteration":222,"passed_time":0.4031682549,"remaining_time":1.404761139},
{"learn":[16272.71758],"iteration":223,"passed_time":0.4054121912,"remaining_time":1.404463662},
{"learn":[16239.76036],"iteration":224,"passed_time":0.4074338779,"remaining_time":1.403383357},
{"learn":[16219.06065],"iteration":225,"passed_time":0.4091350304,"remaining_time":1.401196962},
{"learn":[16187.86181],"iteration":226,"passed_time":0.4106160809,"remaining_time":1.398265333},
{"learn":[16145.30012],"iteration":227,"passed_time":0.4125092151,"remaining_time":1.396741728},
{"learn":[16131.58611],"iteration":228,"passed_time":0.4143101029,"remaining_time":1.39490432},
{"learn":[16121.10179],"iteration":229,"passed_time":0.4158773491,"remaining_time":1.392285038},
{"learn":[16102.01531],"iteration":230,"passed_time":0.4178137013,"remaining_time":1.39090362},
{"learn":[16070.07573],"iteration":231,"passed_time":0.4196071704,"remaining_time":1.389044426},
{"learn":[16038.44787],"iteration":232,"passed_time":0.4214503908,"remaining_time":1.38734957},
{"learn":[16027.10921],"iteration":233,"passed_time":0.4225463044,"remaining_time":1.383207133},
{"learn":[16007.24105],"iteration":234,"passed_time":0.4244420802,"remaining_time":1.381694431},
{"learn":[15993.77682],"iteration":235,"passed_time":0.4261427048,"remaining_time":1.379546722},
{"learn":[15956.91891],"iteration":236,"passed_time":0.4277759098,"remaining_time":1.377185735},
{"learn":[15904.33494],"iteration":237,"passed_time":0.4294448246,"remaining_time":1.374945195},
{"learn":[15882.04485],"iteration":238,"passed_time":0.4315107321,"remaining_time":1.373973503},
{"learn":[15869.24735],"iteration":239,"passed_time":0.4333490695,"remaining_time":1.372272053},
{"learn":[15838.20538],"iteration":240,"passed_time":0.435325506,"remaining_time":1.371004394},
{"learn":[15816.96421],"iteration":241,"passed_time":0.4370810454,"remaining_time":1.369038977},
{"learn":[15796.76464],"iteration":242,"passed_time":0.4392359612,"remaining_time":1.368319435},
{"learn":[15775.71395],"iteration":243,"passed_time":0.4412075485,"remaining_time":1.367020109},
{"learn":[15740.53417],"iteration":244,"passed_time":0.4427802516,"remaining_time":1.364486081},
{"learn":[15719.2561],"iteration":245,"passed_time":0.4442577213,"remaining_time":1.361667975},
{"learn":[15687.4863],"iteration":246,"passed_time":0.4460160482,"remaining_time":1.35971694},
{"learn":[15653.31303],"iteration":247,"passed_time":0.4475323868,"remaining_time":1.357033689},
{"learn":[15623.36733],"iteration":248,"passed_time":0.449317326,"remaining_time":1.355169927},
{"learn":[15582.23337],"iteration":249,"passed_time":0.4510137681,"remaining_time":1.353041304},
{"learn":[15546.86278],"iteration":250,"passed_time":0.4527226631,"remaining_time":1.350953285},
{"learn":[15539.53324],"iteration":251,"passed_time":0.4541309023,"remaining_time":1.347975853},
{"learn":[15496.27657],"iteration":252,"passed_time":0.455606213,"remaining_time":1.345208858},
{"learn":[15468.1015],"iteration":253,"passed_time":0.4574177966,"remaining_time":1.34343967},
{"learn":[15447.95121],"iteration":254,"passed_time":0.4588947871,"remaining_time":1.340692613},
{"learn":[15401.17596],"iteration":255,"passed_time":0.4607350257,"remaining_time":1.339011168},
{"learn":[15394.35338],"iteration":256,"passed_time":0.4627750474,"remaining_time":1.337906071},
{"learn":[15361.5186],"iteration":257,"passed_time":0.4647739467,"remaining_time":1.336675459},
{"learn":[15336.09346],"iteration":258,"passed_time":0.4670799144,"remaining_time":1.336317438},
{"learn":[15302.58468],"iteration":259,"passed_time":0.4690838451,"remaining_time":1.33508479},
{"learn":[15277.66243],"iteration":260,"passed_time":0.4707845982,"remaining_time":1.332987809},
{"learn":[15244.5484],"iteration":261,"passed_time":0.4723468069,"remaining_time":1.330503601},
{"learn":[15221.5923],"iteration":262,"passed_time":0.4744092941,"remaining_time":1.329428326},
{"learn":[15204.3245],"iteration":263,"passed_time":0.4774097529,"remaining_time":1.330960523},
{"learn":[15163.43492],"iteration":264,"passed_time":0.4791581132,"remaining_time":1.32898571},
{"learn":[15140.51711],"iteration":265,"passed_time":0.4810785593,"remaining_time":1.327487453},
{"learn":[15095.36292],"iteration":266,"passed_time":0.4834498216,"remaining_time":1.327223667},
{"learn":[15089.2065],"iteration":267,"passed_time":0.4854530578,"remaining_time":1.325938949},
{"learn":[15083.00361],"iteration":268,"passed_time":0.487216266,"remaining_time":1.323996619},
{"learn":[15047.44275],"iteration":269,"passed_time":0.4893770423,"remaining_time":1.323130522},
{"learn":[15007.11174],"iteration":270,"passed_time":0.4913376968,"remaining_time":1.321716535},
{"learn":[15001.60091],"iteration":271,"passed_time":0.493316254,"remaining_time":1.320346445},
{"learn":[14967.86922],"iteration":272,"passed_time":0.4952543016,"remaining_time":1.318864019},
{"learn":[14952.36852],"iteration":273,"passed_time":0.4973945006,"remaining_time":1.317913896},
{"learn":[14927.54229],"iteration":274,"passed_time":0.499303855,"remaining_time":1.316346527},
{"learn":[14894.71183],"iteration":275,"passed_time":0.5011194709,"remaining_time":1.314530786},
{"learn":[14862.32007],"iteration":276,"passed_time":0.5030984535,"remaining_time":1.313141451},
{"learn":[14834.78878],"iteration":277,"passed_time":0.5048775209,"remaining_time":1.311228669},
{"learn":[14806.85206],"iteration":278,"passed_time":0.5062444318,"remaining_time":1.30825174},
{"learn":[14792.0625],"iteration":279,"passed_time":0.5079235972,"remaining_time":1.30608925},
{"learn":[14763.76949],"iteration":280,"passed_time":0.5097009258,"remaining_time":1.304181372},
{"learn":[14741.24283],"iteration":281,"passed_time":0.5113596214,"remaining_time":1.30197237},
{"learn":[14703.7176],"iteration":282,"passed_time":0.5128966728,"remaining_time":1.299459061},
{"learn":[14659.9667],"iteration":283,"passed_time":0.514677512,"remaining_time":1.297567248},
{"learn":[14624.68745],"iteration":284,"passed_time":0.5166126419,"remaining_time":1.296063295},
{"learn":[14586.01657],"iteration":285,"passed_time":0.5185409095,"remaining_time":1.294539194},
{"learn":[14569.93353],"iteration":286,"passed_time":0.5206364659,"remaining_time":1.293427875},
{"learn":[14548.25426],"iteration":287,"passed_time":0.5224240293,"remaining_time":1.291548295},
{"learn":[14502.27462],"iteration":288,"passed_time":0.5244420952,"remaining_time":1.290236435},
{"learn":[14493.7352],"iteration":289,"passed_time":0.5267460185,"remaining_time":1.289619563},
{"learn":[14464.75237],"iteration":290,"passed_time":0.5282849641,"remaining_time":1.287127284},
{"learn":[14440.81205],"iteration":291,"passed_time":0.5298489342,"remaining_time":1.28470221},
{"learn":[14433.02373],"iteration":292,"passed_time":0.531930463,"remaining_time":1.283531868},
{"learn":[14412.05814],"iteration":293,"passed_time":0.5344097822,"remaining_time":1.283310565},
{"learn":[14397.25661],"iteration":294,"passed_time":0.5365472562,"remaining_time":1.282257002},
{"learn":[14360.34204],"iteration":295,"passed_time":0.5385738833,"remaining_time":1.280932479},
{"learn":[14334.81921],"iteration":296,"passed_time":0.540845576,"remaining_time":1.280183299},
{"learn":[14296.19862],"iteration":297,"passed_time":0.5427935476,"remaining_time":1.27866131},
{"learn":[14271.94019],"iteration":298,"passed_time":0.5445117746,"remaining_time":1.27659784},
{"learn":[14243.49976],"iteration":299,"passed_time":0.5463507466,"remaining_time":1.274818409},
{"learn":[14219.37757],"iteration":300,"passed_time":0.5482162258,"remaining_time":1.273100139},
{"learn":[14182.49594],"iteration":301,"passed_time":0.5503008095,"remaining_time":1.271887301},
{"learn":[14143.64511],"iteration":302,"passed_time":0.5522139575,"remaining_time":1.270274351},
{"learn":[14116.20886],"iteration":303,"passed_time":0.5540440888,"remaining_time":1.268469361},
{"learn":[14082.06447],"iteration":304,"passed_time":0.5557196386,"remaining_time":1.266311963},
{"learn":[14060.8101],"iteration":305,"passed_time":0.5574759775,"remaining_time":1.264340942},
{"learn":[14028.74215],"iteration":306,"passed_time":0.5593287582,"remaining_time":1.262589021},
{"learn":[13997.45428],"iteration":307,"passed_time":0.5614079007,"remaining_time":1.261345024},
{"learn":[13975.52219],"iteration":308,"passed_time":0.5630853646,"remaining_time":1.259197369},
{"learn":[13955.79317],"iteration":309,"passed_time":0.5648605142,"remaining_time":1.257270177},
{"learn":[13947.25287],"iteration":310,"passed_time":0.5666989497,"remaining_time":1.255484168},
{"learn":[13918.78254],"iteration":311,"passed_time":0.5686019471,"remaining_time":1.253840191},
{"learn":[13894.46535],"iteration":312,"passed_time":0.5704084185,"remaining_time":1.251982695},
{"learn":[13865.8752],"iteration":313,"passed_time":0.5721257088,"remaining_time":1.249930689},
{"learn":[13838.04058],"iteration":314,"passed_time":0.5739466887,"remaining_time":1.248106291},
{"learn":[13833.80918],"iteration":315,"passed_time":0.5758489543,"remaining_time":1.246457863},
{"learn":[13811.86732],"iteration":316,"passed_time":0.5778240938,"remaining_time":1.244964846},
{"learn":[13808.81639],"iteration":317,"passed_time":0.5801982651,"remaining_time":1.244324581},
{"learn":[13779.8805],"iteration":318,"passed_time":0.5818535969,"remaining_time":1.24213887},
{"learn":[13764.80124],"iteration":319,"passed_time":0.5834520772,"remaining_time":1.239835664},
{"learn":[13757.66064],"iteration":320,"passed_time":0.585489835,"remaining_time":1.238466037},
{"learn":[13740.44077],"iteration":321,"passed_time":0.5872937264,"remaining_time":1.236599834},
{"learn":[13710.07089],"iteration":322,"passed_time":0.5892085429,"remaining_time":1.234966513},
{"learn":[13690.25816],"iteration":323,"passed_time":0.5909897241,"remaining_time":1.233052634},
{"learn":[13680.64285],"iteration":324,"passed_time":0.592580882,"remaining_time":1.230744909},
{"learn":[13648.53292],"iteration":325,"passed_time":0.5948442653,"remaining_time":1.229831395},
{"learn":[13627.00734],"iteration":326,"passed_time":0.5966998292,"remaining_time":1.228070291},
{"learn":[13602.48958],"iteration":327,"passed_time":0.5983612698,"remaining_time":1.225910894},
{"learn":[13594.97239],"iteration":328,"passed_time":0.5998033647,"remaining_time":1.223307166},
{"learn":[13580.60609],"iteration":329,"passed_time":0.6011143399,"remaining_time":1.220444266},
{"learn":[13552.58047],"iteration":330,"passed_time":0.6029005951,"remaining_time":1.218551354},
{"learn":[13520.50033],"iteration":331,"passed_time":0.6047025342,"remaining_time":1.216690641},
{"learn":[13495.84423],"iteration":332,"passed_time":0.6063176134,"remaining_time":1.214456},
{"learn":[13473.11311],"iteration":333,"passed_time":0.6082272126,"remaining_time":1.212812346},
{"learn":[13455.94141],"iteration":334,"passed_time":0.6098724806,"remaining_time":1.210642387},
{"learn":[13453.88604],"iteration":335,"passed_time":0.6113933681,"remaining_time":1.208229751},
{"learn":[13431.52479],"iteration":336,"passed_time":0.6135904394,"remaining_time":1.207152704},
{"learn":[13407.32786],"iteration":337,"passed_time":0.6150588141,"remaining_time":1.204641819},
{"learn":[13390.14657],"iteration":338,"passed_time":0.6166644978,"remaining_time":1.202404817},
{"learn":[13367.78717],"iteration":339,"passed_time":0.6183893119,"remaining_time":1.200402782},
{"learn":[13337.83054],"iteration":340,"passed_time":0.6210253951,"remaining_time":1.200163447},
{"learn":[13321.24711],"iteration":341,"passed_time":0.6231742689,"remaining_time":1.198972716},
{"learn":[13298.81862],"iteration":342,"passed_time":0.6252672974,"remaining_time":1.19766943},
{"learn":[13266.52562],"iteration":343,"passed_time":0.6273626306,"remaining_time":1.196365947},
{"learn":[13248.38123],"iteration":344,"passed_time":0.6299374072,"remaining_time":1.195968121},
{"learn":[13234.16979],"iteration":345,"passed_time":0.631746015,"remaining_time":1.19410952},
{"learn":[13215.91992],"iteration":346,"passed_time":0.6337670732,"remaining_time":1.192651005},
{"learn":[13195.24846],"iteration":347,"passed_time":0.6360329731,"remaining_time":1.191647984},
{"learn":[13179.67874],"iteration":348,"passed_time":0.6379107993,"remaining_time":1.18991384},
{"learn":[13150.0989],"iteration":349,"passed_time":0.6397094439,"remaining_time":1.188031824},
{"learn":[13137.20731],"iteration":350,"passed_time":0.6413722266,"remaining_time":1.185899074},
{"learn":[13112.67631],"iteration":351,"passed_time":0.643060033,"remaining_time":1.183815061},
{"learn":[13082.08401],"iteration":352,"passed_time":0.6450425869,"remaining_time":1.182273523},
{"learn":[13055.21561],"iteration":353,"passed_time":0.6469113406,"remaining_time":1.180521825},
{"learn":[13031.3355],"iteration":354,"passed_time":0.649721579,"remaining_time":1.180480052},
{"learn":[13016.89353],"iteration":355,"passed_time":0.6519422391,"remaining_time":1.179356185},
{"learn":[12992.09064],"iteration":356,"passed_time":0.6535357548,"remaining_time":1.177096612},
{"learn":[12974.05895],"iteration":357,"passed_time":0.7944982861,"remaining_time":1.424770669},
{"learn":[12946.43989],"iteration":358,"passed_time":0.7980169026,"remaining_time":1.424871406},
{"learn":[12925.13374],"iteration":359,"passed_time":0.7997135514,"remaining_time":1.42171298},
{"learn":[12916.58055],"iteration":360,"passed_time":0.8017428036,"remaining_time":1.419151389},
{"learn":[12914.38449],"iteration":361,"passed_time":0.8035666056,"remaining_time":1.416230647},
{"learn":[12898.98849],"iteration":362,"passed_time":0.8059277398,"remaining_time":1.414258871},
{"learn":[12879.46053],"iteration":363,"passed_time":0.8081168872,"remaining_time":1.411984451},
{"learn":[12877.48555],"iteration":364,"passed_time":0.8098912391,"remaining_time":1.408988868},
{"learn":[12876.03199],"iteration":365,"passed_time":0.8117047021,"remaining_time":1.406067708},
{"learn":[12854.78068],"iteration":366,"passed_time":0.8131341401,"remaining_time":1.40249022},
{"learn":[12830.03065],"iteration":367,"passed_time":0.8147692141,"remaining_time":1.399277563},
{"learn":[12804.96572],"iteration":368,"passed_time":0.8168455213,"remaining_time":1.396827978},
{"learn":[12781.46669],"iteration":369,"passed_time":0.8185715542,"remaining_time":1.393783998},
{"learn":[12755.18015],"iteration":370,"passed_time":0.8208084797,"remaining_time":1.391613299},
{"learn":[12739.8018],"iteration":371,"passed_time":0.8226654143,"remaining_time":1.388800753},
{"learn":[12715.80428],"iteration":372,"passed_time":0.8244600284,"remaining_time":1.385888573},
{"learn":[12692.54528],"iteration":373,"passed_time":0.8261217251,"remaining_time":1.382759893},
{"learn":[12664.09416],"iteration":374,"passed_time":0.8280738723,"remaining_time":1.38012312},
{"learn":[12639.53524],"iteration":375,"passed_time":0.8299686862,"remaining_time":1.377394841},
{"learn":[12620.44265],"iteration":376,"passed_time":0.8322022287,"remaining_time":1.375230739},
{"learn":[12603.81504],"iteration":377,"passed_time":0.8339151499,"remaining_time":1.372209585},
{"learn":[12587.24987],"iteration":378,"passed_time":0.8357998574,"remaining_time":1.369476811},
{"learn":[12563.39259],"iteration":379,"passed_time":0.8376024901,"remaining_time":1.366614589},
{"learn":[12545.99629],"iteration":380,"passed_time":0.839675193,"remaining_time":1.364196705},
{"learn":[12530.07498],"iteration":381,"passed_time":0.8413734295,"remaining_time":1.361174815},
{"learn":[12509.40267],"iteration":382,"passed_time":0.8431018428,"remaining_time":1.358208452},
{"learn":[12477.65944],"iteration":383,"passed_time":0.8448867177,"remaining_time":1.35533911},
{"learn":[12467.89098],"iteration":384,"passed_time":0.8469095599,"remaining_time":1.352855531},
{"learn":[12449.4777],"iteration":385,"passed_time":0.8488146442,"remaining_time":1.350187025},
{"learn":[12437.58905],"iteration":386,"passed_time":0.8508242957,"remaining_time":1.347688096},
{"learn":[12435.83217],"iteration":387,"passed_time":0.8526240549,"remaining_time":1.344860623},
{"learn":[12407.13982],"iteration":388,"passed_time":0.8544585823,"remaining_time":1.342093043},
{"learn":[12388.77278],"iteration":389,"passed_time":0.8566766606,"remaining_time":1.339930161},
{"learn":[12370.30198],"iteration":390,"passed_time":0.858595808,"remaining_time":1.337301399},
{"learn":[12356.39552],"iteration":391,"passed_time":0.860436827,"remaining_time":1.334555079},
{"learn":[12333.80841],"iteration":392,"passed_time":0.862592465,"remaining_time":1.332299303},
{"learn":[12315.59084],"iteration":393,"passed_time":0.8643448246,"remaining_time":1.329423766},
{"learn":[12291.45019],"iteration":394,"passed_time":0.8664786726,"remaining_time":1.32713822},
{"learn":[12264.217],"iteration":395,"passed_time":0.8684019131,"remaining_time":1.324532211},
{"learn":[12239.14609],"iteration":396,"passed_time":0.8710082137,"remaining_time":1.322967136},
{"learn":[12214.97863],"iteration":397,"passed_time":0.8729073324,"remaining_time":1.320327171},
{"learn":[12194.81636],"iteration":398,"passed_time":0.8745080281,"remaining_time":1.317241416},
{"learn":[12187.35006],"iteration":399,"passed_time":0.8762164161,"remaining_time":1.314324624},
{"learn":[12166.97209],"iteration":400,"passed_time":0.8785992145,"remaining_time":1.312421271},
{"learn":[12152.2242],"iteration":401,"passed_time":0.8804423507,"remaining_time":1.309712751},
{"learn":[12150.83629],"iteration":402,"passed_time":0.8822534629,"remaining_time":1.306961085},
{"learn":[12127.47841],"iteration":403,"passed_time":0.8839834292,"remaining_time":1.304094366},
{"learn":[12106.64338],"iteration":404,"passed_time":0.8857574538,"remaining_time":1.301297988},
{"learn":[12085.18722],"iteration":405,"passed_time":0.8878503894,"remaining_time":1.29897323},
{"learn":[12065.71115],"iteration":406,"passed_time":0.8896337391,"remaining_time":1.296198544},
{"learn":[12044.74886],"iteration":407,"passed_time":0.8914849034,"remaining_time":1.293527115},
{"learn":[12018.15513],"iteration":408,"passed_time":0.8941271049,"remaining_time":1.292002736},
{"learn":[11995.18312],"iteration":409,"passed_time":0.8960585567,"remaining_time":1.289450118},
{"learn":[11969.77652],"iteration":410,"passed_time":0.8981219458,"remaining_time":1.287089601},
{"learn":[11944.65205],"iteration":411,"passed_time":0.9006398874,"remaining_time":1.285379257},
{"learn":[11913.63594],"iteration":412,"passed_time":0.9029639436,"remaining_time":1.283389431},
{"learn":[11907.21727],"iteration":413,"passed_time":0.9048272387,"remaining_time":1.280745802},
{"learn":[11886.89927],"iteration":414,"passed_time":0.9070902721,"remaining_time":1.27866942},
{"learn":[11880.63486],"iteration":415,"passed_time":0.9088720297,"remaining_time":1.275916503},
{"learn":[11879.51836],"iteration":416,"passed_time":0.9109063334,"remaining_time":1.273521325},
{"learn":[11855.40322],"iteration":417,"passed_time":0.9134784718,"remaining_time":1.271876724},
{"learn":[11838.75267],"iteration":418,"passed_time":0.9157175571,"remaining_time":1.269765873},
{"learn":[11823.7728],"iteration":419,"passed_time":0.9176856764,"remaining_time":1.26728022},
{"learn":[11802.099],"iteration":420,"passed_time":0.919394521,"remaining_time":1.264440446},
{"learn":[11784.14147],"iteration":421,"passed_time":0.9214606724,"remaining_time":1.262095423},
{"learn":[11762.93742],"iteration":422,"passed_time":0.923557504,"remaining_time":1.259793569},
{"learn":[11743.51516],"iteration":423,"passed_time":0.9257824281,"remaining_time":1.257666695},
{"learn":[11728.45128],"iteration":424,"passed_time":0.9275633802,"remaining_time":1.254938691},
{"learn":[11708.1464],"iteration":425,"passed_time":0.9295894204,"remaining_time":1.252545369},
{"learn":[11707.14925],"iteration":426,"passed_time":0.9312804083,"remaining_time":1.249704154},
{"learn":[11705.89146],"iteration":427,"passed_time":0.9332801635,"remaining_time":1.247280966},
{"learn":[11684.23568],"iteration":428,"passed_time":0.9351151579,"remaining_time":1.244640455},
{"learn":[11660.08268],"iteration":429,"passed_time":0.9369491331,"remaining_time":1.242002339},
{"learn":[11654.5735],"iteration":430,"passed_time":0.9389156386,"remaining_time":1.23954292},
{"learn":[11648.44467],"iteration":431,"passed_time":0.9409606371,"remaining_time":1.237188986},
{"learn":[11635.37494],"iteration":432,"passed_time":0.9424043362,"remaining_time":1.234049096},
{"learn":[11605.57265],"iteration":433,"passed_time":0.9438957171,"remaining_time":1.230979207},
{"learn":[11603.4381],"iteration":434,"passed_time":0.9454249903,"remaining_time":1.227965792},
{"learn":[11591.59426],"iteration":435,"passed_time":0.9469371647,"remaining_time":1.224937066},
{"learn":[11580.14722],"iteration":436,"passed_time":0.9484421001,"remaining_time":1.221905955},
{"learn":[11551.02422],"iteration":437,"passed_time":0.9498549957,"remaining_time":1.218763716},
{"learn":[11542.4512],"iteration":438,"passed_time":0.9517221694,"remaining_time":1.216209879},
{"learn":[11519.01165],"iteration":439,"passed_time":0.9531039552,"remaining_time":1.213041398},
{"learn":[11499.76402],"iteration":440,"passed_time":0.954698418,"remaining_time":1.210150602},
{"learn":[11479.09346],"iteration":441,"passed_time":0.9570695179,"remaining_time":1.208246133},
{"learn":[11461.70261],"iteration":442,"passed_time":0.9590394167,"remaining_time":1.205835113},
{"learn":[11446.85824],"iteration":443,"passed_time":0.9609363271,"remaining_time":1.20333468},
{"learn":[11431.24216],"iteration":444,"passed_time":0.9626638973,"remaining_time":1.20062576},
{"learn":[11412.42484],"iteration":445,"passed_time":0.9649284491,"remaining_time":1.198588253},
{"learn":[11402.51815],"iteration":446,"passed_time":0.9666547424,"remaining_time":1.195883831},
{"learn":[11383.0558],"iteration":447,"passed_time":0.968590651,"remaining_time":1.193442052},
{"learn":[11370.68887],"iteration":448,"passed_time":0.9701532704,"remaining_time":1.190544436},
{"learn":[11345.18563],"iteration":449,"passed_time":0.9721202324,"remaining_time":1.188146951},
{"learn":[11332.19119],"iteration":450,"passed_time":0.9739561678,"remaining_time":1.185591876},
{"learn":[11307.51586],"iteration":451,"passed_time":0.9757439144,"remaining_time":1.18298156},
{"learn":[11284.1281],"iteration":452,"passed_time":0.9773939049,"remaining_time":1.180208534},
{"learn":[11268.67561],"iteration":453,"passed_time":0.9790837886,"remaining_time":1.177488433},
{"learn":[11267.4184],"iteration":454,"passed_time":0.9808824393,"remaining_time":1.174903142},
{"learn":[11252.75371],"iteration":455,"passed_time":0.9828840192,"remaining_time":1.172563391},
{"learn":[11237.57432],"iteration":456,"passed_time":0.985047267,"remaining_time":1.170417212},
{"learn":[11214.47123],"iteration":457,"passed_time":0.9872308881,"remaining_time":1.168295068},
{"learn":[11194.93287],"iteration":458,"passed_time":0.9890626635,"remaining_time":1.165757954},
{"learn":[11175.0297],"iteration":459,"passed_time":0.9907602386,"remaining_time":1.163066367},
{"learn":[11162.38427],"iteration":460,"passed_time":0.9930524721,"remaining_time":1.161074365},
{"learn":[11147.95173],"iteration":461,"passed_time":0.9950318809,"remaining_time":1.158716779},
{"learn":[11134.86841],"iteration":462,"passed_time":0.9969405244,"remaining_time":1.156278751},
{"learn":[11119.03964],"iteration":463,"passed_time":0.9988252693,"remaining_time":1.153815397},
{"learn":[11103.1128],"iteration":464,"passed_time":1.000860978,"remaining_time":1.151528222},
{"learn":[11087.17548],"iteration":465,"passed_time":1.002814593,"remaining_time":1.149148053},
{"learn":[11064.60084],"iteration":466,"passed_time":1.004392576,"remaining_time":1.146340992},
{"learn":[11054.40328],"iteration":467,"passed_time":1.005951572,"remaining_time":1.143517599},
{"learn":[11035.95804],"iteration":468,"passed_time":1.007751582,"remaining_time":1.140972473},
{"learn":[11020.28932],"iteration":469,"passed_time":1.009665605,"remaining_time":1.138559086},
{"learn":[11005.98011],"iteration":470,"passed_time":1.0114503,"remaining_time":1.136002566},
{"learn":[10984.7033],"iteration":471,"passed_time":1.013465963,"remaining_time":1.133707687},
{"learn":[10979.45655],"iteration":472,"passed_time":1.015451309,"remaining_time":1.131380212},
{"learn":[10958.73919],"iteration":473,"passed_time":1.017302567,"remaining_time":1.12890538},
{"learn":[10957.54442],"iteration":474,"passed_time":1.018830696,"remaining_time":1.126076032},
{"learn":[10952.73036],"iteration":475,"passed_time":1.020812679,"remaining_time":1.123751773},
{"learn":[10928.16812],"iteration":476,"passed_time":1.023109735,"remaining_time":1.121774406},
{"learn":[10914.04347],"iteration":477,"passed_time":1.025549139,"remaining_time":1.119951152},
{"learn":[10896.08412],"iteration":478,"passed_time":1.027680213,"remaining_time":1.11778996},
{"learn":[10871.79376],"iteration":479,"passed_time":1.02988974,"remaining_time":1.115713885},
{"learn":[10870.03225],"iteration":480,"passed_time":1.032242722,"remaining_time":1.113792044},
{"learn":[10848.60208],"iteration":481,"passed_time":1.034694724,"remaining_time":1.111974827},
{"learn":[10847.80414],"iteration":482,"passed_time":1.037228798,"remaining_time":1.110242833},
{"learn":[10832.34891],"iteration":483,"passed_time":1.038960808,"remaining_time":1.107652432},
{"learn":[10813.21749],"iteration":484,"passed_time":1.040746736,"remaining_time":1.105122822},
{"learn":[10793.0878],"iteration":485,"passed_time":1.042808587,"remaining_time":1.102888094},
{"learn":[10775.67765],"iteration":486,"passed_time":1.044909464,"remaining_time":1.100695185},
{"learn":[10766.38881],"iteration":487,"passed_time":1.047098864,"remaining_time":1.09859553},
{"learn":[10750.83474],"iteration":488,"passed_time":1.048979839,"remaining_time":1.096173206},
{"learn":[10745.51274],"iteration":489,"passed_time":1.050637062,"remaining_time":1.093520208},
{"learn":[10741.43304],"iteration":490,"passed_time":1.05219375,"remaining_time":1.090767044},
{"learn":[10724.15739],"iteration":491,"passed_time":1.054145627,"remaining_time":1.088426786},
{"learn":[10714.20576],"iteration":492,"passed_time":1.056008257,"remaining_time":1.085996321},
{"learn":[10705.65422],"iteration":493,"passed_time":1.05754527,"remaining_time":1.083234629},
{"learn":[10683.57098],"iteration":494,"passed_time":1.059882153,"remaining_time":1.081293913},
{"learn":[10666.37284],"iteration":495,"passed_time":1.061935133,"remaining_time":1.079063119},
{"learn":[10653.43109],"iteration":496,"passed_time":1.063594656,"remaining_time":1.076434833},
{"learn":[10645.68573],"iteration":497,"passed_time":1.065765523,"remaining_time":1.074325889},
{"learn":[10634.08511],"iteration":498,"passed_time":1.068067794,"remaining_time":1.072348627},
{"learn":[10613.35065],"iteration":499,"passed_time":1.070935567,"remaining_time":1.070935567},
{"learn":[10598.83892],"iteration":500,"passed_time":1.072454947,"remaining_time":1.068173689},
{"learn":[10592.90687],"iteration":501,"passed_time":1.074356466,"remaining_time":1.065795856},
{"learn":[10577.66442],"iteration":502,"passed_time":1.076315747,"remaining_time":1.06347699},
{"learn":[10553.40647],"iteration":503,"passed_time":1.078067566,"remaining_time":1.060955383},
{"learn":[10540.57141],"iteration":504,"passed_time":1.079913292,"remaining_time":1.05852887},
{"learn":[10519.71308],"iteration":505,"passed_time":1.082046197,"remaining_time":1.056385023},
{"learn":[10503.36567],"iteration":506,"passed_time":1.084208689,"remaining_time":1.054269988},
{"learn":[10488.15856],"iteration":507,"passed_time":1.086194615,"remaining_time":1.051983761},
{"learn":[10472.71903],"iteration":508,"passed_time":1.088277522,"remaining_time":1.049792266},
{"learn":[10450.80487],"iteration":509,"passed_time":1.090073342,"remaining_time":1.047325368},
{"learn":[10440.06795],"iteration":510,"passed_time":1.092104858,"remaining_time":1.045086645},
{"learn":[10434.7307],"iteration":511,"passed_time":1.094038428,"remaining_time":1.042755377},
{"learn":[10413.85921],"iteration":512,"passed_time":1.096265135,"remaining_time":1.040703939},
{"learn":[10402.23897],"iteration":513,"passed_time":1.098223282,"remaining_time":1.038397889},
{"learn":[10395.15549],"iteration":514,"passed_time":1.100582992,"remaining_time":1.036471362},
{"learn":[10378.41606],"iteration":515,"passed_time":1.102543425,"remaining_time":1.034168639},
{"learn":[10358.37608],"iteration":516,"passed_time":1.104303612,"remaining_time":1.031680163},
{"learn":[10337.23876],"iteration":517,"passed_time":1.106626374,"remaining_time":1.029717977},
{"learn":[10319.60513],"iteration":518,"passed_time":1.108744858,"remaining_time":1.02756508},
{"learn":[10307.252],"iteration":519,"passed_time":1.110810158,"remaining_time":1.025363223},
{"learn":[10293.36739],"iteration":520,"passed_time":1.112465333,"remaining_time":1.022784826},
{"learn":[10273.71458],"iteration":521,"passed_time":1.114731285,"remaining_time":1.020769261},
{"learn":[10259.72716],"iteration":522,"passed_time":1.11627798,"remaining_time":1.018096742},
{"learn":[10248.78017],"iteration":523,"passed_time":1.117984872,"remaining_time":1.015574044},
{"learn":[10227.46165],"iteration":524,"passed_time":1.119593511,"remaining_time":1.012965557},
{"learn":[10214.08329],"iteration":525,"passed_time":1.121133647,"remaining_time":1.010299142},
{"learn":[10196.91948],"iteration":526,"passed_time":1.122677215,"remaining_time":1.007640081},
{"learn":[10184.6312],"iteration":527,"passed_time":1.124325958,"remaining_time":1.005079266},
{"learn":[10170.90279],"iteration":528,"passed_time":1.125999757,"remaining_time":1.002544207},
{"learn":[10166.25849],"iteration":529,"passed_time":1.127859606,"remaining_time":1.000177386},
{"learn":[10159.67103],"iteration":530,"passed_time":1.129642864,"remaining_time":0.9977448267},
{"learn":[10154.88321],"iteration":531,"passed_time":1.131133816,"remaining_time":0.9950575679},
{"learn":[10136.24037],"iteration":532,"passed_time":1.132882824,"remaining_time":0.9926008986},
{"learn":[10115.038],"iteration":533,"passed_time":1.134721684,"remaining_time":0.9902252901},
{"learn":[10108.40249],"iteration":534,"passed_time":1.136693929,"remaining_time":0.9879676203},
{"learn":[10097.17192],"iteration":535,"passed_time":1.138692196,"remaining_time":0.9857335429},
{"learn":[10080.58874],"iteration":536,"passed_time":1.140557923,"remaining_time":0.9833860674},
{"learn":[10063.97463],"iteration":537,"passed_time":1.142651445,"remaining_time":0.9812359993},
{"learn":[10055.96275],"iteration":538,"passed_time":1.144849491,"remaining_time":0.9791755389},
{"learn":[10043.25379],"iteration":539,"passed_time":1.146816523,"remaining_time":0.9769177787},
{"learn":[10031.42068],"iteration":540,"passed_time":1.148450216,"remaining_time":0.9743782791},
{"learn":[10008.0369],"iteration":541,"passed_time":1.150150589,"remaining_time":0.9718984685},
{"learn":[9994.500389],"iteration":542,"passed_time":1.152075566,"remaining_time":0.9696105593},
{"learn":[9976.886333],"iteration":543,"passed_time":1.154139304,"remaining_time":0.9674402991},
{"learn":[9971.495968],"iteration":544,"passed_time":1.156167422,"remaining_time":0.9652406916},
{"learn":[9943.196504],"iteration":545,"passed_time":1.158191958,"remaining_time":0.963038734},
{"learn":[9937.171663],"iteration":546,"passed_time":1.159827378,"remaining_time":0.9605151777},
{"learn":[9907.88869],"iteration":547,"passed_time":1.161588256,"remaining_time":0.9580983427},
{"learn":[9896.442947],"iteration":548,"passed_time":1.163504745,"remaining_time":0.9558117308},
{"learn":[9882.66784],"iteration":549,"passed_time":1.165383892,"remaining_time":0.9534959116},
{"learn":[9864.494733],"iteration":550,"passed_time":1.167260847,"remaining_time":0.9511798913},
{"learn":[9851.038459],"iteration":551,"passed_time":1.168764695,"remaining_time":0.9485626511},
{"learn":[9841.901483],"iteration":552,"passed_time":1.170508883,"remaining_time":0.9461437085},
{"learn":[9822.425653],"iteration":553,"passed_time":1.172101217,"remaining_time":0.9436049513},
{"learn":[9809.415244],"iteration":554,"passed_time":1.173523065,"remaining_time":0.9409329079},
{"learn":[9799.437082],"iteration":555,"passed_time":1.175032878,"remaining_time":0.9383356077},
{"learn":[9786.255512],"iteration":556,"passed_time":1.176608715,"remaining_time":0.9357947231},
{"learn":[9766.392275],"iteration":557,"passed_time":1.178193621,"remaining_time":0.9332644811},
{"learn":[9753.283132],"iteration":558,"passed_time":1.180356251,"remaining_time":0.9311933934},
{"learn":[9749.305001],"iteration":559,"passed_time":1.181803987,"remaining_time":0.9285602757},
{"learn":[9742.379891],"iteration":560,"passed_time":1.183527949,"remaining_time":0.9261475393},
{"learn":[9726.053586],"iteration":561,"passed_time":1.185082027,"remaining_time":0.9236048538},
{"learn":[9712.642729],"iteration":562,"passed_time":1.186516281,"remaining_time":0.920972673},
{"learn":[9696.197612],"iteration":563,"passed_time":1.18843096,"remaining_time":0.918716132},
{"learn":[9683.75296],"iteration":564,"passed_time":1.190536201,"remaining_time":0.9166075172},
{"learn":[9668.109038],"iteration":565,"passed_time":1.192031489,"remaining_time":0.9140312122},
{"learn":[9658.408683],"iteration":566,"passed_time":1.193776006,"remaining_time":0.9116490486},
{"learn":[9645.006153],"iteration":567,"passed_time":1.19579965,"remaining_time":0.9094814241},
{"learn":[9632.209902],"iteration":568,"passed_time":1.197213579,"remaining_time":0.9068524649},
{"learn":[9610.048691],"iteration":569,"passed_time":1.198994174,"remaining_time":0.904504377},
{"learn":[9606.248484],"iteration":570,"passed_time":1.200509654,"remaining_time":0.9019590922},
{"learn":[9595.601267],"iteration":571,"passed_time":1.20229891,"remaining_time":0.8996222617},
{"learn":[9578.406267],"iteration":572,"passed_time":1.203889597,"remaining_time":0.8971393681},
{"learn":[9560.015001],"iteration":573,"passed_time":1.20546367,"remaining_time":0.8946472533},
{"learn":[9538.423569],"iteration":574,"passed_time":1.207293829,"remaining_time":0.8923476128},
{"learn":[9518.2587],"iteration":575,"passed_time":1.209141181,"remaining_time":0.8900622581},
{"learn":[9510.088036],"iteration":576,"passed_time":1.211214956,"remaining_time":0.887944413},
{"learn":[9504.183131],"iteration":577,"passed_time":1.212834012,"remaining_time":0.8854947282},
{"learn":[9484.141526],"iteration":578,"passed_time":1.215194523,"remaining_time":0.8835870369},
{"learn":[9469.341031],"iteration":579,"passed_time":1.216894125,"remaining_time":0.8811991937},
{"learn":[9459.086306],"iteration":580,"passed_time":1.218706206,"remaining_time":0.8788948368},
{"learn":[9449.239727],"iteration":581,"passed_time":1.220330102,"remaining_time":0.8764570148},
{"learn":[9440.881114],"iteration":582,"passed_time":1.221981515,"remaining_time":0.874041667},
{"learn":[9424.828345],"iteration":583,"passed_time":1.22404995,"remaining_time":0.8719259916},
{"learn":[9412.465764],"iteration":584,"passed_time":1.225931236,"remaining_time":0.8696777145},
{"learn":[9408.783387],"iteration":585,"passed_time":1.22804357,"remaining_time":0.8675939216},
{"learn":[9391.725134],"iteration":586,"passed_time":1.229975892,"remaining_time":0.8653833787},
{"learn":[9384.923293],"iteration":587,"passed_time":1.23216623,"remaining_time":0.8633545694},
{"learn":[9375.338883],"iteration":588,"passed_time":1.234026969,"remaining_time":0.8610952192},
{"learn":[9359.964799],"iteration":589,"passed_time":1.236157575,"remaining_time":0.8590247557},
{"learn":[9344.994119],"iteration":590,"passed_time":1.238147316,"remaining_time":0.8568566029},
{"learn":[9336.660969],"iteration":591,"passed_time":1.240226643,"remaining_time":0.8547507942},
{"learn":[9324.622899],"iteration":592,"passed_time":1.242174597,"remaining_time":0.8525549088},
{"learn":[9312.853205],"iteration":593,"passed_time":1.244344974,"remaining_time":0.8505118848},
{"learn":[9293.994321],"iteration":594,"passed_time":1.246361157,"remaining_time":0.8483634768},
{"learn":[9284.497066],"iteration":595,"passed_time":1.248150193,"remaining_time":0.8460615402},
{"learn":[9264.632784],"iteration":596,"passed_time":1.250241662,"remaining_time":0.8439654773},
{"learn":[9246.039474],"iteration":597,"passed_time":1.252224002,"remaining_time":0.8417960681},
{"learn":[9225.529089],"iteration":598,"passed_time":1.25429632,"remaining_time":0.8396875199},
{"learn":[9213.712687],"iteration":599,"passed_time":1.255961615,"remaining_time":0.8373077434},
{"learn":[9199.047056],"iteration":600,"passed_time":1.257827128,"remaining_time":0.8350632682},
{"learn":[9186.064825],"iteration":601,"passed_time":1.259613203,"remaining_time":0.8327675328},
{"learn":[9169.977627],"iteration":602,"passed_time":1.261587077,"remaining_time":0.8305971301},
{"learn":[9163.09361],"iteration":603,"passed_time":1.263468612,"remaining_time":0.8283668385},
{"learn":[9147.436966],"iteration":604,"passed_time":1.265409005,"remaining_time":0.8261761269},
{"learn":[9139.210106],"iteration":605,"passed_time":1.267120848,"remaining_time":0.8238376468},
{"learn":[9122.440935],"iteration":606,"passed_time":1.268794651,"remaining_time":0.8214766025},
{"learn":[9115.175525],"iteration":607,"passed_time":1.270665108,"remaining_time":0.8192446088},
{"learn":[9113.496897],"iteration":608,"passed_time":1.272147065,"remaining_time":0.816764372},
{"learn":[9098.534065],"iteration":609,"passed_time":1.273796722,"remaining_time":0.8143946253},
{"learn":[9086.731867],"iteration":610,"passed_time":1.275279309,"remaining_time":0.8119208692},
{"learn":[9074.33081],"iteration":611,"passed_time":1.276964265,"remaining_time":0.8095786517},
{"learn":[9060.888076],"iteration":612,"passed_time":1.278639786,"remaining_time":0.8072326219},
{"learn":[9051.000202],"iteration":613,"passed_time":1.279994583,"remaining_time":0.8046871482},
{"learn":[9041.436932],"iteration":614,"passed_time":1.281527614,"remaining_time":0.8022571243},
{"learn":[9028.125895],"iteration":615,"passed_time":1.283263147,"remaining_time":0.7999562477},
{"learn":[9017.302348],"iteration":616,"passed_time":1.285002963,"remaining_time":0.797659862},
{"learn":[9002.802913],"iteration":617,"passed_time":1.286519493,"remaining_time":0.7952272597},
{"learn":[8988.470111],"iteration":618,"passed_time":1.288443675,"remaining_time":0.7930485302},
{"learn":[8972.067247],"iteration":619,"passed_time":1.290518302,"remaining_time":0.7909628306},
{"learn":[8962.497946],"iteration":620,"passed_time":1.291880119,"remaining_time":0.7884421341},
{"learn":[8952.441119],"iteration":621,"passed_time":1.293977403,"remaining_time":0.7863721197},
{"learn":[8947.420587],"iteration":622,"passed_time":1.296256451,"remaining_time":0.7844120094},
{"learn":[8933.85247],"iteration":623,"passed_time":1.29769784,"remaining_time":0.7819461341},
{"learn":[8915.817021],"iteration":624,"passed_time":1.299204794,"remaining_time":0.7795228765},
{"learn":[8907.420249],"iteration":625,"passed_time":1.300723504,"remaining_time":0.7771095697},
{"learn":[8888.463234],"iteration":626,"passed_time":1.302559024,"remaining_time":0.7748875852},
{"learn":[8871.627234],"iteration":627,"passed_time":1.304473695,"remaining_time":0.7727137177},
{"learn":[8863.156058],"iteration":628,"passed_time":1.306053209,"remaining_time":0.7703429896},
{"learn":[8852.236818],"iteration":629,"passed_time":1.307700951,"remaining_time":0.7680148442},
{"learn":[8841.641195],"iteration":630,"passed_time":1.309450982,"remaining_time":0.7657486727},
{"learn":[8829.084343],"iteration":631,"passed_time":1.311428693,"remaining_time":0.7636167074},
{"learn":[8811.152334],"iteration":632,"passed_time":1.312967622,"remaining_time":0.761230833},
{"learn":[8795.221214],"iteration":633,"passed_time":1.314301919,"remaining_time":0.7587294988},
{"learn":[8781.89198],"iteration":634,"passed_time":1.315723307,"remaining_time":0.7562819008},
{"learn":[8768.518537],"iteration":635,"passed_time":1.317423134,"remaining_time":0.7539968879},
{"learn":[8758.424598],"iteration":636,"passed_time":1.319352658,"remaining_time":0.7518446076},
{"learn":[8749.406252],"iteration":637,"passed_time":1.321770239,"remaining_time":0.7499699474},
{"learn":[8738.922505],"iteration":638,"passed_time":1.323755006,"remaining_time":0.7478490724},
{"learn":[8729.311504],"iteration":639,"passed_time":1.326244783,"remaining_time":0.7460126907},
{"learn":[8719.373186],"iteration":640,"passed_time":1.328038358,"remaining_time":0.7437843531},
{"learn":[8705.284436],"iteration":641,"passed_time":1.329872163,"remaining_time":0.7415798041},
{"learn":[8692.918586],"iteration":642,"passed_time":1.331894836,"remaining_time":0.73948127},
{"learn":[8679.569298],"iteration":643,"passed_time":1.334500949,"remaining_time":0.7377054938},
{"learn":[8661.550517],"iteration":644,"passed_time":1.336178885,"remaining_time":0.7354162854},
{"learn":[8652.329174],"iteration":645,"passed_time":1.338188685,"remaining_time":0.7333108272},
{"learn":[8640.629733],"iteration":646,"passed_time":1.339772724,"remaining_time":0.7309733719},
{"learn":[8632.223889],"iteration":647,"passed_time":1.341549357,"remaining_time":0.7287428603},
{"learn":[8621.915746],"iteration":648,"passed_time":1.343691543,"remaining_time":0.7267114511},
{"learn":[8602.321657],"iteration":649,"passed_time":1.345856579,"remaining_time":0.7246920043},
{"learn":[8594.096707],"iteration":650,"passed_time":1.347786499,"remaining_time":0.7225460648},
{"learn":[8583.286903],"iteration":651,"passed_time":1.349523689,"remaining_time":0.7202979198},
{"learn":[8577.671928],"iteration":652,"passed_time":1.351579376,"remaining_time":0.7182205873},
{"learn":[8568.384486],"iteration":653,"passed_time":1.353449934,"remaining_time":0.7160453778},
{"learn":[8558.249234],"iteration":654,"passed_time":1.355504364,"remaining_time":0.7139679475},
{"learn":[8545.46902],"iteration":655,"passed_time":1.357500189,"remaining_time":0.7118598555},
{"learn":[8530.987508],"iteration":656,"passed_time":1.359483206,"remaining_time":0.7097454181},
{"learn":[8519.373829],"iteration":657,"passed_time":1.360990016,"remaining_time":0.7073838683},
{"learn":[8513.141556],"iteration":658,"passed_time":1.366548893,"remaining_time":0.7071216576},
{"learn":[8503.549368],"iteration":659,"passed_time":1.368337006,"remaining_time":0.7049008817},
{"learn":[8496.397355],"iteration":660,"passed_time":1.369919358,"remaining_time":0.7025758888},
{"learn":[8493.175056],"iteration":661,"passed_time":1.371455391,"remaining_time":0.7002294895},
{"learn":[8482.923023],"iteration":662,"passed_time":1.372978846,"remaining_time":0.6978791419},
{"learn":[8469.069643],"iteration":663,"passed_time":1.374494476,"remaining_time":0.6955273253},
{"learn":[8454.64657],"iteration":664,"passed_time":1.376128554,"remaining_time":0.6932376924},
{"learn":[8452.121574],"iteration":665,"passed_time":1.377756533,"remaining_time":0.6909469698},
{"learn":[8440.026432],"iteration":666,"passed_time":1.379172752,"remaining_time":0.6885525134},
{"learn":[8430.674776],"iteration":667,"passed_time":1.380818539,"remaining_time":0.6862750824},
{"learn":[8421.919861],"iteration":668,"passed_time":1.382841862,"remaining_time":0.6841863325},
{"learn":[8412.699312],"iteration":669,"passed_time":1.384332885,"remaining_time":0.6818356},
{"learn":[8399.885311],"iteration":670,"passed_time":1.385834632,"remaining_time":0.6794926882},
{"learn":[8383.939342],"iteration":671,"passed_time":1.387306042,"remaining_time":0.6771374729},
{"learn":[8373.305264],"iteration":672,"passed_time":1.388946982,"remaining_time":0.6748672556},
{"learn":[8364.377222],"iteration":673,"passed_time":1.390298684,"remaining_time":0.6724590072},
{"learn":[8354.46668],"iteration":674,"passed_time":1.391725725,"remaining_time":0.6700901638},
{"learn":[8343.435862],"iteration":675,"passed_time":1.393358484,"remaining_time":0.6678227056},
{"learn":[8334.484829],"iteration":676,"passed_time":1.394839679,"remaining_time":0.66548481},
{"learn":[8326.406912],"iteration":677,"passed_time":1.396609188,"remaining_time":0.6632863695},
{"learn":[8318.999031],"iteration":678,"passed_time":1.398325362,"remaining_time":0.6610639782},
{"learn":[8309.256108],"iteration":679,"passed_time":1.400348889,"remaining_time":0.6589877125},
{"learn":[8308.206688],"iteration":680,"passed_time":1.402224082,"remaining_time":0.6568421178},
{"learn":[8298.484278],"iteration":681,"passed_time":1.403992869,"remaining_time":0.6546477013},
{"learn":[8281.483834],"iteration":682,"passed_time":1.406178421,"remaining_time":0.6526479642},
{"learn":[8271.085902],"iteration":683,"passed_time":1.407610998,"remaining_time":0.650299818},
{"learn":[8255.492256],"iteration":684,"passed_time":1.409212471,"remaining_time":0.6480320122},
{"learn":[8241.463953],"iteration":685,"passed_time":1.410652012,"remaining_time":0.6456920288},
{"learn":[8230.615219],"iteration":686,"passed_time":1.412232637,"remaining_time":0.6434189454},
{"learn":[8220.031681],"iteration":687,"passed_time":1.413622014,"remaining_time":0.6410611457},
{"learn":[8207.92653],"iteration":688,"passed_time":1.41502616,"remaining_time":0.6387128239},
{"learn":[8193.377367],"iteration":689,"passed_time":1.416424747,"remaining_time":0.6363647412},
{"learn":[8177.384799],"iteration":690,"passed_time":1.417910004,"remaining_time":0.6340581639},
{"learn":[8165.840256],"iteration":691,"passed_time":1.419368258,"remaining_time":0.6317419412},
{"learn":[8152.849256],"iteration":692,"passed_time":1.420996094,"remaining_time":0.6295033202},
{"learn":[8144.551171],"iteration":693,"passed_time":1.422769391,"remaining_time":0.6273305962},
{"learn":[8131.864659],"iteration":694,"passed_time":1.424566822,"remaining_time":0.6251696123},
{"learn":[8124.530341],"iteration":695,"passed_time":1.426297888,"remaining_time":0.6229806866},
{"learn":[8114.630341],"iteration":696,"passed_time":1.427950888,"remaining_time":0.6207591377},
{"learn":[8103.249804],"iteration":697,"passed_time":1.429382932,"remaining_time":0.6184436181},
{"learn":[8100.960326],"iteration":698,"passed_time":1.430863625,"remaining_time":0.6161515752},
{"learn":[8091.680269],"iteration":699,"passed_time":1.432390294,"remaining_time":0.6138815545},
{"learn":[8084.166521],"iteration":700,"passed_time":1.433788339,"remaining_time":0.6115587922},
{"learn":[8074.317539],"iteration":701,"passed_time":1.435254294,"remaining_time":0.6092674924},
{"learn":[8063.12167],"iteration":702,"passed_time":1.43658934,"remaining_time":0.6069232347},
{"learn":[8057.689692],"iteration":703,"passed_time":1.438079887,"remaining_time":0.6046472251},
{"learn":[8048.335223],"iteration":704,"passed_time":1.439621454,"remaining_time":0.6023947927},
{"learn":[8036.400338],"iteration":705,"passed_time":1.440992435,"remaining_time":0.6000733371},
{"learn":[8035.219814],"iteration":706,"passed_time":1.442423251,"remaining_time":0.5977793671},
{"learn":[8019.302518],"iteration":707,"passed_time":1.444158051,"remaining_time":0.5956132074},
{"learn":[8006.428891],"iteration":708,"passed_time":1.445707638,"remaining_time":0.5933722465},
{"learn":[7995.907461],"iteration":709,"passed_time":1.447335938,"remaining_time":0.591165383},
{"learn":[7994.823676],"iteration":710,"passed_time":1.448787383,"remaining_time":0.5888882611},
{"learn":[7978.882399],"iteration":711,"passed_time":1.450214186,"remaining_time":0.586603491},
{"learn":[7971.036839],"iteration":712,"passed_time":1.451769388,"remaining_time":0.5843728113},
{"learn":[7963.314369],"iteration":713,"passed_time":1.453255471,"remaining_time":0.5821163373},
{"learn":[7953.996611],"iteration":714,"passed_time":1.454658818,"remaining_time":0.5798290393},
{"learn":[7950.353362],"iteration":715,"passed_time":1.456082561,"remaining_time":0.5775523009},
{"learn":[7939.881485],"iteration":716,"passed_time":1.457619937,"remaining_time":0.5753227926},
{"learn":[7936.665975],"iteration":717,"passed_time":1.459095805,"remaining_time":0.5730710545},
{"learn":[7924.905796],"iteration":718,"passed_time":1.460563523,"remaining_time":0.5708182892},
{"learn":[7907.858038],"iteration":719,"passed_time":1.46215492,"remaining_time":0.5686158024},
{"learn":[7905.20718],"iteration":720,"passed_time":1.463698263,"remaining_time":0.5663964152},
{"learn":[7902.830225],"iteration":721,"passed_time":1.466366497,"remaining_time":0.5646120306},
{"learn":[7895.301689],"iteration":722,"passed_time":1.468306649,"remaining_time":0.562546254},
{"learn":[7887.264835],"iteration":723,"passed_time":1.469996762,"remaining_time":0.5603855058},
{"learn":[7877.274163],"iteration":724,"passed_time":1.47141557,"remaining_time":0.5581231471},
{"learn":[7873.777511],"iteration":725,"passed_time":1.472889136,"remaining_time":0.5558837785},
{"learn":[7866.768953],"iteration":726,"passed_time":1.474343368,"remaining_time":0.5536392565},
{"learn":[7853.046672],"iteration":727,"passed_time":1.475724204,"remaining_time":0.5513694829},
{"learn":[7838.856268],"iteration":728,"passed_time":1.477302667,"remaining_time":0.5491756143},
{"learn":[7829.963068],"iteration":729,"passed_time":1.478853582,"remaining_time":0.5469732426},
{"learn":[7828.035346],"iteration":730,"passed_time":1.480254391,"remaining_time":0.5447174162},
{"learn":[7819.763574],"iteration":731,"passed_time":1.481657139,"remaining_time":0.5424646355},
{"learn":[7812.667587],"iteration":732,"passed_time":1.483157405,"remaining_time":0.5402496961},
{"learn":[7802.15661],"iteration":733,"passed_time":1.484536184,"remaining_time":0.5379926771},
{"learn":[7791.116183],"iteration":734,"passed_time":1.486100611,"remaining_time":0.5358049821},
{"learn":[7782.387625],"iteration":735,"passed_time":1.487749152,"remaining_time":0.5336491522},
{"learn":[7772.582471],"iteration":736,"passed_time":1.48936244,"remaining_time":0.531482119},
{"learn":[7761.592142],"iteration":737,"passed_time":1.490826523,"remaining_time":0.5292636167},
{"learn":[7755.068226],"iteration":738,"passed_time":1.492170342,"remaining_time":0.5270046811},
{"learn":[7746.963421],"iteration":739,"passed_time":1.493706882,"remaining_time":0.5248159316},
{"learn":[7744.129217],"iteration":740,"passed_time":1.495047052,"remaining_time":0.5225603058},
{"learn":[7729.048574],"iteration":741,"passed_time":1.496467196,"remaining_time":0.5203349549},
{"learn":[7719.228828],"iteration":742,"passed_time":1.497862472,"remaining_time":0.5181031699},
{"learn":[7709.400213],"iteration":743,"passed_time":1.499498483,"remaining_time":0.5159564674},
{"learn":[7705.100482],"iteration":744,"passed_time":1.501507794,"remaining_time":0.5139389092},
{"learn":[7704.030678],"iteration":745,"passed_time":1.502975028,"remaining_time":0.5117368056},
{"learn":[7695.594161],"iteration":746,"passed_time":1.504513396,"remaining_time":0.5095607619},
{"learn":[7689.72387],"iteration":747,"passed_time":1.505956622,"remaining_time":0.5073543699},
{"learn":[7682.810112],"iteration":748,"passed_time":1.507723032,"remaining_time":0.505258319},
{"learn":[7673.495042],"iteration":749,"passed_time":1.509566152,"remaining_time":0.5031887174},
{"learn":[7667.313463],"iteration":750,"passed_time":1.511037606,"remaining_time":0.5009964898},
{"learn":[7666.418989],"iteration":751,"passed_time":1.512493402,"remaining_time":0.4988010155},
{"learn":[7659.576992],"iteration":752,"passed_time":1.513859538,"remaining_time":0.4965780953},
{"learn":[7658.655633],"iteration":753,"passed_time":1.515289338,"remaining_time":0.4943782189},
{"learn":[7648.095694],"iteration":754,"passed_time":1.516837847,"remaining_time":0.492218904},
{"learn":[7642.578711],"iteration":755,"passed_time":1.518236482,"remaining_time":0.490012833},
{"learn":[7629.761566],"iteration":756,"passed_time":1.519625325,"remaining_time":0.4878057516},
{"learn":[7622.696533],"iteration":757,"passed_time":1.52100817,"remaining_time":0.4855989143},
{"learn":[7613.431772],"iteration":758,"passed_time":1.522593509,"remaining_time":0.483458545},
{"learn":[7600.705644],"iteration":759,"passed_time":1.523954571,"remaining_time":0.481248812},
{"learn":[7599.24012],"iteration":760,"passed_time":1.525236537,"remaining_time":0.4790164682},
{"learn":[7584.848767],"iteration":761,"passed_time":1.526858959,"remaining_time":0.4768929557},
{"learn":[7574.944712],"iteration":762,"passed_time":1.528392171,"remaining_time":0.4747430465},
{"learn":[7570.355472],"iteration":763,"passed_time":1.529880112,"remaining_time":0.4725807677},
{"learn":[7560.890088],"iteration":764,"passed_time":1.531480182,"remaining_time":0.4704546965},
{"learn":[7558.419197],"iteration":765,"passed_time":1.533068613,"remaining_time":0.468326443},
{"learn":[7549.400722],"iteration":766,"passed_time":1.534572514,"remaining_time":0.4661739189},
{"learn":[7537.959474],"iteration":767,"passed_time":1.535972628,"remaining_time":0.4639917313},
{"learn":[7524.436403],"iteration":768,"passed_time":1.537480641,"remaining_time":0.4618439896},
{"learn":[7510.718609],"iteration":769,"passed_time":1.539026711,"remaining_time":0.4597092772},
{"learn":[7495.854794],"iteration":770,"passed_time":1.540564602,"remaining_time":0.4575736627},
{"learn":[7483.804976],"iteration":771,"passed_time":1.54193978,"remaining_time":0.4553915413},
{"learn":[7474.275271],"iteration":772,"passed_time":1.543439782,"remaining_time":0.4532481637},
{"learn":[7463.198404],"iteration":773,"passed_time":1.54479974,"remaining_time":0.4510655573},
{"learn":[7455.521715],"iteration":774,"passed_time":1.546575553,"remaining_time":0.4490058058},
{"learn":[7442.258105],"iteration":775,"passed_time":1.548194339,"remaining_time":0.4469014587},
{"learn":[7429.070198],"iteration":776,"passed_time":1.549664631,"remaining_time":0.4447557434},
{"learn":[7418.704673],"iteration":777,"passed_time":1.551363362,"remaining_time":0.442676949},
{"learn":[7404.157745],"iteration":778,"passed_time":1.552999211,"remaining_time":0.440581291},
{"learn":[7390.796263],"iteration":779,"passed_time":1.554599856,"remaining_time":0.4384768823},
{"learn":[7384.003868],"iteration":780,"passed_time":1.556115712,"remaining_time":0.4363499883},
{"learn":[7368.942045],"iteration":781,"passed_time":1.557635691,"remaining_time":0.4342258064},
{"learn":[7362.369219],"iteration":782,"passed_time":1.559042385,"remaining_time":0.4320717721},
{"learn":[7354.41357],"iteration":783,"passed_time":1.560661351,"remaining_time":0.4299781274},
{"learn":[7343.413114],"iteration":784,"passed_time":1.562048222,"remaining_time":0.4278221244},
{"learn":[7335.212331],"iteration":785,"passed_time":1.563470619,"remaining_time":0.4256777513},
{"learn":[7328.357095],"iteration":786,"passed_time":1.564825955,"remaining_time":0.4235170628},
{"learn":[7319.433321],"iteration":787,"passed_time":1.566246243,"remaining_time":0.4213758929},
{"learn":[7305.207451],"iteration":788,"passed_time":1.567687876,"remaining_time":0.4192422582},
{"learn":[7292.249187],"iteration":789,"passed_time":1.569303872,"remaining_time":0.4171567256},
{"learn":[7282.461423],"iteration":790,"passed_time":1.570841707,"remaining_time":0.4150517278},
{"learn":[7276.75597],"iteration":791,"passed_time":1.572441244,"remaining_time":0.412964367},
{"learn":[7267.833166],"iteration":792,"passed_time":1.573933951,"remaining_time":0.4108503504},
{"learn":[7267.21224],"iteration":793,"passed_time":1.575723366,"remaining_time":0.4088148783},
{"learn":[7255.55769],"iteration":794,"passed_time":1.577326831,"remaining_time":0.4067320759},
{"learn":[7247.143034],"iteration":795,"passed_time":1.578840633,"remaining_time":0.4046274989},
{"learn":[7238.602803],"iteration":796,"passed_time":1.580480079,"remaining_time":0.4025564067},
{"learn":[7231.381827],"iteration":797,"passed_time":1.58223828,"remaining_time":0.4005164567},
{"learn":[7219.762705],"iteration":798,"passed_time":1.583610951,"remaining_time":0.3983802268},
{"learn":[7210.117774],"iteration":799,"passed_time":1.585198848,"remaining_time":0.3962997119},
{"learn":[7199.606827],"iteration":800,"passed_time":1.586667628,"remaining_time":0.3941908339},
{"learn":[7191.113214],"iteration":801,"passed_time":1.588235944,"remaining_time":0.3921081259},
{"learn":[7179.838251],"iteration":802,"passed_time":1.589718361,"remaining_time":0.3900056254},
{"learn":[7166.545954],"iteration":803,"passed_time":1.591112662,"remaining_time":0.3878831862},
{"learn":[7154.029578],"iteration":804,"passed_time":1.592740092,"remaining_time":0.3858190285},
{"learn":[7143.918551],"iteration":805,"passed_time":1.594598896,"remaining_time":0.3838116451},
{"learn":[7139.828674],"iteration":806,"passed_time":1.596310582,"remaining_time":0.3817694453},
{"learn":[7133.531957],"iteration":807,"passed_time":1.597958767,"remaining_time":0.3797129744},
{"learn":[7120.193011],"iteration":808,"passed_time":1.59949451,"remaining_time":0.377630966},
{"learn":[7112.436095],"iteration":809,"passed_time":1.600921537,"remaining_time":0.3755248049},
{"learn":[7107.30308],"iteration":810,"passed_time":1.602330993,"remaining_time":0.373416224},
{"learn":[7094.902382],"iteration":811,"passed_time":1.603826907,"remaining_time":0.3713293824},
{"learn":[7088.856263],"iteration":812,"passed_time":1.605479896,"remaining_time":0.3692801237},
{"learn":[7082.387133],"iteration":813,"passed_time":1.607052993,"remaining_time":0.3672135832},
{"learn":[7071.807083],"iteration":814,"passed_time":1.608638469,"remaining_time":0.3651510634},
{"learn":[7066.387412],"iteration":815,"passed_time":1.610092657,"remaining_time":0.3630601089},
{"learn":[7051.996579],"iteration":816,"passed_time":1.611493409,"remaining_time":0.3609587439},
{"learn":[7045.332036],"iteration":817,"passed_time":1.613002428,"remaining_time":0.3588831809},
{"learn":[7042.483963],"iteration":818,"passed_time":1.614452821,"remaining_time":0.3567960446},
{"learn":[7027.809519],"iteration":819,"passed_time":1.615950434,"remaining_time":0.3547208269},
{"learn":[7017.842294],"iteration":820,"passed_time":1.617396983,"remaining_time":0.3526358831},
{"learn":[7015.416571],"iteration":821,"passed_time":1.618954646,"remaining_time":0.3505765535},
{"learn":[6999.943325],"iteration":822,"passed_time":1.62046257,"remaining_time":0.3485077459},
{"learn":[6987.196357],"iteration":823,"passed_time":1.621998065,"remaining_time":0.3464461886},
{"learn":[6977.862978],"iteration":824,"passed_time":1.62361236,"remaining_time":0.3444026219},
{"learn":[6961.730139],"iteration":825,"passed_time":1.625979045,"remaining_time":0.3425185882},
{"learn":[6956.006912],"iteration":826,"passed_time":1.627501152,"remaining_time":0.3404567102},
{"learn":[6955.179185],"iteration":827,"passed_time":1.629232052,"remaining_time":0.3384395083},
{"learn":[6946.623453],"iteration":828,"passed_time":1.631066597,"remaining_time":0.3364443765},
{"learn":[6937.610618],"iteration":829,"passed_time":1.632812838,"remaining_time":0.334431545},
{"learn":[6926.845826],"iteration":830,"passed_time":1.634777026,"remaining_time":0.3324636792},
{"learn":[6918.449365],"iteration":831,"passed_time":1.636207981,"remaining_time":0.3303881499},
{"learn":[6910.02721],"iteration":832,"passed_time":1.637885741,"remaining_time":0.328363648},
{"learn":[6902.32966],"iteration":833,"passed_time":1.642681648,"remaining_time":0.3269606157},
{"learn":[6897.093997],"iteration":834,"passed_time":1.644788778,"remaining_time":0.3250181418},
{"learn":[6885.547306],"iteration":835,"passed_time":1.64656631,"remaining_time":0.3230106159},
{"learn":[6878.685389],"iteration":836,"passed_time":1.648922844,"remaining_time":0.3211163962},
{"learn":[6865.467436],"iteration":837,"passed_time":1.650824892,"remaining_time":0.319133213},
{"learn":[6862.101841],"iteration":838,"passed_time":1.652416244,"remaining_time":0.3170906022},
{"learn":[6855.419956],"iteration":839,"passed_time":1.654188107,"remaining_time":0.315083449},
{"learn":[6847.818873],"iteration":840,"passed_time":1.656284706,"remaining_time":0.3131382501},
{"learn":[6840.74252],"iteration":841,"passed_time":1.658701982,"remaining_time":0.311252866},
{"learn":[6835.0659],"iteration":842,"passed_time":1.660579883,"remaining_time":0.309265767},
{"learn":[6825.636317],"iteration":843,"passed_time":1.661956419,"remaining_time":0.3071862576},
{"learn":[6817.968119],"iteration":844,"passed_time":1.663596961,"remaining_time":0.305156839},
{"learn":[6813.170654],"iteration":845,"passed_time":1.665340386,"remaining_time":0.303147068},
{"learn":[6809.668215],"iteration":846,"passed_time":1.676061364,"remaining_time":0.3027596088},
{"learn":[6801.178612],"iteration":847,"passed_time":1.679813948,"remaining_time":0.3010987266},
{"learn":[6792.451049],"iteration":848,"passed_time":1.684237023,"remaining_time":0.2995521678},
{"learn":[6780.956231],"iteration":849,"passed_time":1.689428693,"remaining_time":0.2981344753},
{"learn":[6773.220066],"iteration":850,"passed_time":1.693432315,"remaining_time":0.2964999001},
{"learn":[6770.872101],"iteration":851,"passed_time":1.696646493,"remaining_time":0.2947226302},
{"learn":[6760.85541],"iteration":852,"passed_time":1.698794735,"remaining_time":0.2927582954},
{"learn":[6756.419348],"iteration":853,"passed_time":1.701654882,"remaining_time":0.2909152375},
{"learn":[6748.946773],"iteration":854,"passed_time":1.703669651,"remaining_time":0.2889264321},
{"learn":[6742.583388],"iteration":855,"passed_time":1.70556553,"remaining_time":0.2869175658},
{"learn":[6737.410627],"iteration":856,"passed_time":1.708541906,"remaining_time":0.2850892563},
{"learn":[6730.739138],"iteration":857,"passed_time":1.71146203,"remaining_time":0.2832489607},
{"learn":[6724.622935],"iteration":858,"passed_time":1.713690127,"remaining_time":0.2812925587},
{"learn":[6716.313862],"iteration":859,"passed_time":1.716331317,"remaining_time":0.2794027726},
{"learn":[6710.335376],"iteration":860,"passed_time":1.718375437,"remaining_time":0.2774148499},
{"learn":[6704.849521],"iteration":861,"passed_time":1.720142072,"remaining_time":0.2753823734},
{"learn":[6697.476264],"iteration":862,"passed_time":1.722283542,"remaining_time":0.2734100176},
{"learn":[6686.013506],"iteration":863,"passed_time":1.724765897,"remaining_time":0.2714909282},
{"learn":[6680.038192],"iteration":864,"passed_time":1.726888788,"remaining_time":0.2695144352},
{"learn":[6673.941405],"iteration":865,"passed_time":1.728729325,"remaining_time":0.2674939141},
{"learn":[6669.206157],"iteration":866,"passed_time":1.73159602,"remaining_time":0.2656312233},
{"learn":[6658.189628],"iteration":867,"passed_time":1.733473827,"remaining_time":0.2636158354},
{"learn":[6646.37657],"iteration":868,"passed_time":1.735356267,"remaining_time":0.2616014625},
{"learn":[6643.820931],"iteration":869,"passed_time":1.737120734,"remaining_time":0.2595697648},
{"learn":[6635.698522],"iteration":870,"passed_time":1.73940998,"remaining_time":0.2576164035},
{"learn":[6629.500029],"iteration":871,"passed_time":1.741576296,"remaining_time":0.2556442269},
{"learn":[6619.449968],"iteration":872,"passed_time":1.743380094,"remaining_time":0.2536188682},
{"learn":[6613.278581],"iteration":873,"passed_time":1.745238392,"remaining_time":0.2516018734},
{"learn":[6604.668429],"iteration":874,"passed_time":1.747087554,"remaining_time":0.2495839363},
{"learn":[6596.525525],"iteration":875,"passed_time":1.749538642,"remaining_time":0.2476515886},
{"learn":[6587.06775],"iteration":876,"passed_time":1.751498673,"remaining_time":0.2456491868},
{"learn":[6576.913194],"iteration":877,"passed_time":1.753471341,"remaining_time":0.2436486374},
{"learn":[6570.32772],"iteration":878,"passed_time":1.755688765,"remaining_time":0.2416818437},
{"learn":[6563.106715],"iteration":879,"passed_time":1.757531224,"remaining_time":0.2396633488},
{"learn":[6559.466588],"iteration":880,"passed_time":1.759356609,"remaining_time":0.2376429472},
{"learn":[6550.564072],"iteration":881,"passed_time":1.761260756,"remaining_time":0.2356335251},
{"learn":[6541.247384],"iteration":882,"passed_time":1.763403717,"remaining_time":0.2336559851},
{"learn":[6531.984003],"iteration":883,"passed_time":1.765359882,"remaining_time":0.2316535591},
{"learn":[6525.332189],"iteration":884,"passed_time":1.767321,"remaining_time":0.2296518813},
{"learn":[6514.635683],"iteration":885,"passed_time":1.769138448,"remaining_time":0.2276318093},
{"learn":[6503.530981],"iteration":886,"passed_time":1.771275208,"remaining_time":0.2256528731},
{"learn":[6498.758764],"iteration":887,"passed_time":1.77310702,"remaining_time":0.2236351197},
{"learn":[6487.597561],"iteration":888,"passed_time":1.775223341,"remaining_time":0.221653308},
{"learn":[6479.16246],"iteration":889,"passed_time":1.777051025,"remaining_time":0.2196355199},
{"learn":[6471.751958],"iteration":890,"passed_time":1.779664096,"remaining_time":0.2177142384},
{"learn":[6464.301997],"iteration":891,"passed_time":1.781921471,"remaining_time":0.2157483395},
{"learn":[6457.263724],"iteration":892,"passed_time":1.783837825,"remaining_time":0.2137409264},
{"learn":[6443.070029],"iteration":893,"passed_time":1.786312648,"remaining_time":0.2117999337},
{"learn":[6433.238503],"iteration":894,"passed_time":1.78909644,"remaining_time":0.2098939958},
{"learn":[6423.215995],"iteration":895,"passed_time":1.791759618,"remaining_time":0.2079720985},
{"learn":[6417.336379],"iteration":896,"passed_time":1.793964275,"remaining_time":0.2059958978},
{"learn":[6413.92337],"iteration":897,"passed_time":1.796649621,"remaining_time":0.2040737877},
{"learn":[6402.741186],"iteration":898,"passed_time":1.798759406,"remaining_time":0.202085317},
{"learn":[6393.432949],"iteration":899,"passed_time":1.800831875,"remaining_time":0.2000924305},
{"learn":[6389.776155],"iteration":900,"passed_time":1.803357981,"remaining_time":0.1981492122},
{"learn":[6387.428244],"iteration":901,"passed_time":1.805910234,"remaining_time":0.196207542},
{"learn":[6380.406538],"iteration":902,"passed_time":1.808022723,"remaining_time":0.1942172803},
{"learn":[6365.610372],"iteration":903,"passed_time":1.81002781,"remaining_time":0.1922153427},
{"learn":[6362.605704],"iteration":904,"passed_time":1.812436462,"remaining_time":0.1902557612},
{"learn":[6361.700912],"iteration":905,"passed_time":1.814286506,"remaining_time":0.1882372313},
{"learn":[6356.440536],"iteration":906,"passed_time":1.816237405,"remaining_time":0.1862294142},
{"learn":[6351.997839],"iteration":907,"passed_time":1.818266295,"remaining_time":0.1842296246},
{"learn":[6344.658834],"iteration":908,"passed_time":1.82047566,"remaining_time":0.1822478383},
{"learn":[6331.648129],"iteration":909,"passed_time":1.822212416,"remaining_time":0.1802188104},
{"learn":[6326.825546],"iteration":910,"passed_time":1.823976685,"remaining_time":0.178193112},
{"learn":[6323.643428],"iteration":911,"passed_time":1.826166221,"remaining_time":0.1762090213},
{"learn":[6314.647813],"iteration":912,"passed_time":1.828623564,"remaining_time":0.1742500001},
{"learn":[6306.21613],"iteration":913,"passed_time":1.830443019,"remaining_time":0.1722298683},
{"learn":[6302.285019],"iteration":914,"passed_time":1.832221373,"remaining_time":0.170206357},
{"learn":[6300.506833],"iteration":915,"passed_time":1.834317545,"remaining_time":0.168212526},
{"learn":[6298.755199],"iteration":916,"passed_time":1.836436749,"remaining_time":0.1662205563},
{"learn":[6293.497995],"iteration":917,"passed_time":1.838153214,"remaining_time":0.164192335},
{"learn":[6290.046514],"iteration":918,"passed_time":1.839933103,"remaining_time":0.1621703823},
{"learn":[6279.370158],"iteration":919,"passed_time":1.842500212,"remaining_time":0.1602174098},
{"learn":[6275.689692],"iteration":920,"passed_time":1.844229585,"remaining_time":0.1581912456},
{"learn":[6270.179406],"iteration":921,"passed_time":1.846022662,"remaining_time":0.1561711146},
{"learn":[6262.101386],"iteration":922,"passed_time":1.84782294,"remaining_time":0.1541520762},
{"learn":[6257.842671],"iteration":923,"passed_time":1.850193173,"remaining_time":0.1521803909},
{"learn":[6254.604938],"iteration":924,"passed_time":1.852376354,"remaining_time":0.1501926774},
{"learn":[6249.973385],"iteration":925,"passed_time":1.854157404,"remaining_time":0.148172406},
{"learn":[6239.185771],"iteration":926,"passed_time":1.855978271,"remaining_time":0.1461557861},
{"learn":[6229.513889],"iteration":927,"passed_time":1.857835102,"remaining_time":0.1441423786},
{"learn":[6215.080082],"iteration":928,"passed_time":1.85959273,"remaining_time":0.1421217264},
{"learn":[6205.255361],"iteration":929,"passed_time":1.861429385,"remaining_time":0.1401075881},
{"learn":[6200.615594],"iteration":930,"passed_time":1.863442386,"remaining_time":0.1381069008},
{"learn":[6188.698542],"iteration":931,"passed_time":1.865467533,"remaining_time":0.1361070733},
{"learn":[6180.448123],"iteration":932,"passed_time":1.867268642,"remaining_time":0.1340911029},
{"learn":[6173.474535],"iteration":933,"passed_time":1.869290363,"remaining_time":0.132091182},
{"learn":[6159.807624],"iteration":934,"passed_time":1.87127481,"remaining_time":0.1300886232},
{"learn":[6150.246507],"iteration":935,"passed_time":1.873515395,"remaining_time":0.1281036167},
{"learn":[6145.413508],"iteration":936,"passed_time":1.875460696,"remaining_time":0.1260982112},
{"learn":[6136.166142],"iteration":937,"passed_time":1.877323227,"remaining_time":0.1240874628},
{"learn":[6130.70291],"iteration":938,"passed_time":1.87888003,"remaining_time":0.1220571691},
{"learn":[6123.608151],"iteration":939,"passed_time":1.880774719,"remaining_time":0.1200494502},
{"learn":[6121.232224],"iteration":940,"passed_time":1.883260358,"remaining_time":0.1180790235},
{"learn":[6119.360114],"iteration":941,"passed_time":1.885595062,"remaining_time":0.1160982097},
{"learn":[6116.304406],"iteration":942,"passed_time":1.887577629,"remaining_time":0.1140953604},
{"learn":[6110.317171],"iteration":943,"passed_time":1.889711803,"remaining_time":0.1121015476},
{"learn":[6104.152526],"iteration":944,"passed_time":1.891568703,"remaining_time":0.1100913002},
{"learn":[6101.031045],"iteration":945,"passed_time":1.89348452,"remaining_time":0.1080847401},
{"learn":[6093.08481],"iteration":946,"passed_time":1.895270842,"remaining_time":0.1060711242},
{"learn":[6081.249175],"iteration":947,"passed_time":1.897813748,"remaining_time":0.1040994883},
{"learn":[6072.232806],"iteration":948,"passed_time":1.90014247,"remaining_time":0.102115138},
{"learn":[6069.831469],"iteration":949,"passed_time":1.902071365,"remaining_time":0.1001090192},
{"learn":[6059.645674],"iteration":950,"passed_time":1.903936013,"remaining_time":0.0980997525},
{"learn":[6056.838045],"iteration":951,"passed_time":1.906255618,"remaining_time":0.09611372865},
{"learn":[6048.644356],"iteration":952,"passed_time":1.908367865,"remaining_time":0.09411677825},
{"learn":[6043.591633],"iteration":953,"passed_time":1.910500996,"remaining_time":0.09212059312},
{"learn":[6039.472666],"iteration":954,"passed_time":1.912705237,"remaining_time":0.09012747192},
{"learn":[6032.224335],"iteration":955,"passed_time":1.914915948,"remaining_time":0.08813420682},
{"learn":[6023.015191],"iteration":956,"passed_time":1.917246763,"remaining_time":0.08614588383},
{"learn":[6019.459047],"iteration":957,"passed_time":1.919236756,"remaining_time":0.0841419037},
{"learn":[6007.206242],"iteration":958,"passed_time":1.921718626,"remaining_time":0.08215898194},
{"learn":[5995.576414],"iteration":959,"passed_time":1.924072061,"remaining_time":0.08016966919},
{"learn":[5991.409066],"iteration":960,"passed_time":1.926073883,"remaining_time":0.07816532927},
{"learn":[5985.314609],"iteration":961,"passed_time":1.928243419,"remaining_time":0.07616761946},
{"learn":[5981.25928],"iteration":962,"passed_time":1.930287649,"remaining_time":0.07416473834},
{"learn":[5968.217369],"iteration":963,"passed_time":1.932929015,"remaining_time":0.07218407109},
{"learn":[5963.64377],"iteration":964,"passed_time":1.935065752,"remaining_time":0.07018373193},
{"learn":[5954.900444],"iteration":965,"passed_time":1.936946451,"remaining_time":0.0681740987},
{"learn":[5951.763509],"iteration":966,"passed_time":1.938802804,"remaining_time":0.06616390128},
{"learn":[5948.089373],"iteration":967,"passed_time":1.940621834,"remaining_time":0.06415278791},
{"learn":[5947.496429],"iteration":968,"passed_time":1.942469261,"remaining_time":0.06214297944},
{"learn":[5939.615567],"iteration":969,"passed_time":1.944659287,"remaining_time":0.06014410165},
{"learn":[5937.35039],"iteration":970,"passed_time":1.946609658,"remaining_time":0.0581376726},
{"learn":[5933.009896],"iteration":971,"passed_time":1.948594447,"remaining_time":0.05613235032},
{"learn":[5929.670846],"iteration":972,"passed_time":1.951347016,"remaining_time":0.05414837558},
{"learn":[5929.147301],"iteration":973,"passed_time":1.95328399,"remaining_time":0.05214105106},
{"learn":[5921.876653],"iteration":974,"passed_time":1.954935346,"remaining_time":0.05012654733},
{"learn":[5913.136062],"iteration":975,"passed_time":1.956450006,"remaining_time":0.04810942639},
{"learn":[5904.270458],"iteration":976,"passed_time":1.958018876,"remaining_time":0.04609461018},
{"learn":[5896.720199],"iteration":977,"passed_time":1.959640574,"remaining_time":0.04408189429},
{"learn":[5892.288764],"iteration":978,"passed_time":1.961342512,"remaining_time":0.04207169843},
{"learn":[5884.559838],"iteration":979,"passed_time":1.962764064,"remaining_time":0.04005640947},
{"learn":[5880.085322],"iteration":980,"passed_time":1.964376988,"remaining_time":0.03804603748},
{"learn":[5872.222534],"iteration":981,"passed_time":1.965966379,"remaining_time":0.03603604361},
{"learn":[5864.471712],"iteration":982,"passed_time":1.968100216,"remaining_time":0.03403632113},
{"learn":[5857.576488],"iteration":983,"passed_time":1.969788727,"remaining_time":0.03202908499},
{"learn":[5851.804098],"iteration":984,"passed_time":1.971449431,"remaining_time":0.03002207256},
{"learn":[5846.143396],"iteration":985,"passed_time":1.973183039,"remaining_time":0.02801679772},
{"learn":[5840.148137],"iteration":986,"passed_time":1.974930008,"remaining_time":0.02601224935},
{"learn":[5835.300395],"iteration":987,"passed_time":1.976612702,"remaining_time":0.02400744173},
{"learn":[5832.179418],"iteration":988,"passed_time":1.978624429,"remaining_time":0.02200694512},
{"learn":[5822.115738],"iteration":989,"passed_time":1.980282133,"remaining_time":0.02000284982},
{"learn":[5817.925259],"iteration":990,"passed_time":1.982473219,"remaining_time":0.01800429765},
{"learn":[5817.471609],"iteration":991,"passed_time":1.984574259,"remaining_time":0.01600463112},
{"learn":[5811.628705],"iteration":992,"passed_time":1.986475163,"remaining_time":0.01400334959},
{"learn":[5805.818874],"iteration":993,"passed_time":1.988415347,"remaining_time":0.01200250712},
{"learn":[5799.832742],"iteration":994,"passed_time":1.989934022,"remaining_time":0.009999668451},
{"learn":[5793.555082],"iteration":995,"passed_time":1.991681946,"remaining_time":0.007998722675},
{"learn":[5784.136712],"iteration":996,"passed_time":1.993163042,"remaining_time":0.00599748157},
{"learn":[5782.473724],"iteration":997,"passed_time":1.99472664,"remaining_time":0.003997448177},
{"learn":[5775.729715],"iteration":998,"passed_time":1.996823204,"remaining_time":0.001998822026},
{"learn":[5769.770192],"iteration":999,"passed_time":1.999647481,"remaining_time":0}
]}